sample_id,date,year,month,month_num,season,location,latitude,longitude,tide_type,tide_phase,sampling_start,sampling_end,time,hour,interval_hr,weather,wind_speed_kmh,wind_direction,water_temp_c,depth_m,ph,ec_ms_cm,salinity_ppt,do_mg_l,orp_mv,turbidity_ntu,tds_ppt,tss_mg_l,nh3_n_mg_l,nitrate_mg_l,sulphate_mg_l,phosphate_mg_l,alkalinity_mg_l,hardness_titration_ml,hardness_total_mg_l,fe_mg_l,oil_grease_mg_l,remarks
K_2_5_28_2023,5/28/2023,2023,May,5,Pre Monsoon,karamjol,22.429192,89.598257,Neap,F,7:00,17:00,7:00 AM,7,2,Rainy,11.52,E,29.8,8.3,7.84,28,17.8,5.1,195.4,26.2,14,35,4.61,14.9,126,1.1,55,293,1465,0.06,125.3,N/A
K_3_5_28_2023,5/28/2023,2023,May,5,Pre Monsoon,karamjol,22.429192,89.598257,Neap,F,7:00,17:00,9:00 AM,9,2,Sunny,4.32,E,30.5,6.8,7.84,28.7,18.2,5.6,193,11.26,14.3,16,3.75,5.6,130,0.9,40,308,1540,0.06,120.2,N/A
K_4_5_28_2023,5/28/2023,2023,May,5,Pre Monsoon,karamjol,22.429192,89.598257,Neap,F,7:00,17:00,11:00 AM,11,2,Sunny,3.96,SE,30.4,5.7,7.85,30.6,19.6,5.1,193.5,58.1,15.3,106,4.65,3.4,128,2,10,380,1900,0.05,79.4,N/A
K_5_5_28_2023,5/28/2023,2023,May,5,Pre Monsoon,karamjol,22.429192,89.598257,Neap,R,7:00,17:00,1:00 PM,1,2,Sunny,3.6,E,30.9,6.3,7.86,30.8,19.7,4.9,193.1,24.2,15.4,34,4.23,5.2,129,1,75,385,1925,0.03,152,N/A
K_6_5_28_2023,5/28/2023,2023,May,5,Pre Monsoon,karamjol,22.429192,89.598257,Neap,R,7:00,17:00,3:00 PM,3,2,Sunny,7.92,NE,30.9,6.8,7.87,30.8,19.7,5.2,192.5,20.3,15.4,41,3.85,5.2,130,1.2,15,330,1650,0.07,140.3,N/A
K_7_5_28_2023,5/28/2023,2023,May,5,Pre Monsoon,karamjol,22.429192,89.598257,Neap,R,7:00,17:00,5:00 PM,5,2,Light Sunny,1.8,NE,30.7,7,7.86,30.5,19.5,4.9,192.2,34.9,15.3,41,3.83,6.2,128,1.1,15,325,1625,0.05,135.4,N/A
K_8_6_13_2023,6/13/2023,2023,June,6,Monsoon,karamjol,22.429192,89.598257,Neap,R,7:00,17:00,7:00 AM,7,2,Light Sunny,5.1,SE,31.3,8.4,7.76,32.3,20.8,7.4,160.8,63,16.2,116,3.85,7.1,128,0.9,120,414,2070,0.11,132.7,N/A
K_9_6_13_2023,6/13/2023,2023,June,6,Monsoon,karamjol,22.429192,89.598257,Neap,F,7:00,17:00,9:00 AM,9,2,Sunny,17.5,S,31.6,8.2,7.76,31.9,20.5,5.8,151.7,61,16,92,3.61,5.2,128,0.7,70,452,2260,0.08,122.5,N/A
K_10_6_13_2023,6/13/2023,2023,June,6,Monsoon,karamjol,22.429192,89.598257,Neap,F,7:00,17:00,11:00 AM,11,2,Sunny,14.7,S,31.7,7.9,7.82,32,20.6,5.7,161.9,73.2,16,51,3.78,8.3,129,0.3,150,477,2385,0.06,121.7,N/A
K_11_6_13_2023,6/13/2023,2023,June,6,Monsoon,karamjol,22.429192,89.598257,Neap,F,7:00,17:00,1:00 PM,1,2,Sunny,11.1,S,31.5,6.3,7.89,33.3,21.6,5.9,162.2,97,16.7,179,4.03,9.2,128,0.9,120,411,2055,0.06,117.4,N/A
K_12_6_13_2023,6/13/2023,2023,June,6,Monsoon,karamjol,22.429192,89.598257,Neap,F,7:00,17:00,3:00 PM,3,2,Sunny,15,S,31.6,6,7.87,33.9,21.9,5.9,153.2,200,17,291,3.76,6,130,0.9,130,496,2480,0.03,155.9,N/A
K_13_6_13_2023,6/13/2023,2023,June,6,Monsoon,karamjol,22.429192,89.598257,Neap,R,7:00,17:00,5:00 PM,5,2,Light Sunny,30.3,SE,31.6,6.6,7.84,33.9,21.9,5.9,159.7,127,17,150,3.82,6.4,129,1.7,140,430,2150,0.05,109.4,N/A
K_14_6_19_2023, 6/19/2023,2023,June,6,Monsoon,karamjol,22.429192,89.598257,Spring,F,7:00,17:00,7:00 AM,7,2,Light cloud,7.9,S,31,4.7,7.88,33.2,21.4,7.3,118.8,154,16.6,137,4.73,2.8,132,0.4,40,404,2020,0.01,102.4,N/A
K_15_6_19_2023, 6/19/2023,2023,June,6,Monsoon,karamjol,22.429192,89.598257,Spring,R,7:00,17:00,9:00 AM,9,2,Cloudy,22.5,S,31.1,6.9,7.89,33.5,21.7,6.3,125.8,78.8,16.8,149,4.89,3.4,134,0.4,100,410,2050,0.08,117.3,N/A
K_16_6_19_2023, 6/19/2023,2023,June,6,Monsoon,karamjol,22.429192,89.598257,Spring,R,7:00,17:00,11:00 AM,11,2,Sunny,21.5,SW,30.8,8.1,7.9,32.2,20.7,6.2,98.8,251,16.1,431,4.75,6.4,129,1.3,160,373,1865,0.07,177.6,N/A
K_17_6_19_2023, 6/19/2023,2023,June,6,Monsoon,karamjol,22.429192,89.598257,Spring,R,7:00,17:00,1:00 PM,1,2,Sunny,16.5,SW,30.9,8.6,7.86,30.8,19.7,6,78.4,145,15.4,239,4.43,2.8,128,0.4,140,381,1905,0.01,125.6,N/A
K_18_6_19_2023, 6/19/2023,2023,June,6,Monsoon,karamjol,22.429192,89.598257,Spring,F,7:00,17:00,3:00 PM,3,2,Sunny,11.5,S,30.9,7.9,7.85,30.8,19.7,5.9,79.1,60.1,15.4,116,4.4,6.3,127,0.3,110,393,1965,0.05,99.2,N/A
K_19_6_19_2023, 6/19/2023,2023,June,6,Monsoon,karamjol,22.429192,89.598257,Spring,F,7:00,17:00,5:00 PM,5,2,Light Sunny,10.8,S,30.8,6.6,7.87,32,20.6,6.2,77.5,212,16,290,4.65,2.5,131,0.4,100,388,1940,0.05,58,N/A
K_20_7_12_2023, 7/12/2023,2023,July,7,Monsoon,karamjol,22.429192,89.598257,Neap,R,7:00,17:00,7:00 AM,7,2,Cloudy,9,S,30.6,8.6,7.83,4.09,2.23,7.2,104.3,52,2.05,85,0.24,3.2,91,0.9,100,42,210,0.06,118.8,N/A
K_21_7_12_2023, 7/12/2023,2023,July,7,Monsoon,karamjol,22.429192,89.598257,Neap,F,7:00,17:00,9:00 AM,9,2,Sunny,18.3,S,30.8,8.1,7.83,4,2.17,6.1,116.1,44.7,2,55,0.28,3,91,0.5,180,50,250,0.06,151.8,N/A
K_22_7_12_2023, 7/12/2023,2023,July,7,Monsoon,karamjol,22.429192,89.598257,Neap,F,7:00,17:00,11:00 AM,11,2,Cloudy ,15.3,S,30.8,7.5,7.92,3.36,1.89,6.1,119.3,70.4,1.68,96,0.19,2.8,86,0.7,90,41,205,0.07,190.6,Huge wave
K_23_7_12_2023, 7/12/2023,2023,July,7,Monsoon,karamjol,22.429192,89.598257,Neap,F,7:00,17:00,1:00 PM,1,2,Cloudy,9.3,E,30.8,6.5,7.85,2.81,1.49,6,122.8,273,1.41,361,0.2,2.2,78,1.5,140,41,205,0.11,158.6,"Heavy rain from, 11:20am - 11:50am"
K_24_7_12_2023, 7/12/2023,2023,July,7,Monsoon,karamjol,22.429192,89.598257,Neap,F,7:00,17:00,3:00 PM,3,2,Cloudy,5.7,W,30.7,6,7.86,2.05,1.07,6,131.9,153,1.03,249,0.15,2.8,67,1.1,130,28,140,0.09,162.2, Ship passed 
K_25_7_12_2023, 7/12/2023,2023,July,7,Monsoon,karamjol,22.429192,89.598257,Neap,R,7:00,17:00,5:00 PM,5,2,Sunny ,5.6,S,30.9,7,7.82,2.15,1.12,6.2,134.3,65.5,1.1,107,0.19,2.6,63,0.9,80,26,130,0.07,151.2,LPG Ship passed
K_26_7_20_2023,7/20/2023,2023,July,7,Monsoon,karamjol,22.429192,89.598257,Spring,F,7:00,17:00,7:00 AM,7,2,Partly cloudy,12.9,SE,30.8,5.8,7.92,1.15,0.6,8.1,4.3,334,0.58,524,0.08,2.5,39,0.8,240,20,100,0.05,153.7,N/A
K_27_7_20_2023,7/20/2023,2023,July,7,Monsoon,karamjol,22.429192,89.598257,Spring,R,7:00,17:00,9:00 AM,9,2,Sunny,25,SE,30.9,5.8,7.93,1.45,0.74,6.3,4.1,376,0.74,547,0.12,2.9,49,0.1,30,18,90,0.07,160.4,N/A
K_28_7_20_2023,7/20/2023,2023,July,7,Monsoon,karamjol,22.429192,89.598257,Spring,R,7:00,17:00,11:00 AM,11,2,Partly cloudy,40.6,E,30.9,7.7,7.81,0.96,0.47,6.5,1.5,262,0.46,390,0.1,1.3,32,1.2,70,20,100,0.07,148.3,N/A
K_29_7_20_2023,7/20/2023,2023,July,7,Monsoon,karamjol,22.429192,89.598257,Spring,R,7:00,17:00,1:00 PM,1,2,Sunny,20.1,E,31.1,8.9,7.77,2.46,1.3,6.2,2.6,286,1.24,475,0.12,1.5,72,0.4,110,34,170,0.08,123.3,N/A
K_30_7_20_2023,7/20/2023,2023,July,7,Monsoon,karamjol,22.429192,89.598257,Spring,R,7:00,17:00,3:00 PM,3,2,Sunny,18.3,SE,31.1,8.4,7.82,2.74,1.46,6.1,90.5,122,1.37,265,0.07,3.2,77,0.4,120,35,175,0.05,128.1,N/A
K_31_7_20_2023,7/20/2023,2023,July,7,Monsoon,karamjol,22.429192,89.598257,Spring,F,7:00,17:00,5:00 PM,5,2,Sunny ,17.6,SE,31.1,7.6,7.88,2.16,1.12,6.3,2.5,91.5,1.08,174,0.18,2.2,68,0.4,50,27,135,0.05,54.1,Huge wave
K_32_8_5_2023,8/5/2023,2023,August,8,Monsoon,karamjol,22.429192,89.598257,Spring,F,7:30,17:00,7:30 AM,7.5,2,Cloudy,14.7,SW,30.4,5.9,7.8,1.35,0.6,6.9,91.9,358,0.68,563,0.36,2.9,37,0.9,380,11,55,0.09,63.6,N/A
K_33_8_5_2023,8/5/2023,2023,August,8,Monsoon,karamjol,22.429192,89.598257,Spring,F,7:30,17:00,9:00 AM,9,2,Cloudy,14,W,30.5,5.2,7.76,1.31,0.51,6,11.4,489,0.55,835,0.24,2.4,28,1.1,390,14,70,0.1,88.1,N/A
K_34_8_5_2023,8/5/2023,2023,August,8,Monsoon,karamjol,22.429192,89.598257,Spring,R,7:30,17:00,11:00 AM,11,2,Drizzling,25.5,SW,30.4,5.5,7.76,1.76,0.75,5.4,128.3,413,0.88,582,0.23,3,44,1,410,23,115,0.08,80.7,High tide starts at 10am
K_35_8_5_2023,8/5/2023,2023,August,8,Monsoon,karamjol,22.429192,89.598257,Spring,R,7:30,17:00,1:00 PM,1,2,Light rain,14.7,SW,30.2,8.5,7.75,1.77,0.79,5.2,2.3,324,0.87,488,0.3,2.6,49,1,430,23,115,0.07,57.8,N/A
K_36_8_5_2023,8/5/2023,2023,August,8,Monsoon,karamjol,22.429192,89.598257,Spring,R,7:30,17:00,3:00 PM,3,2,Cloudy,11.8,SW,30.1,9.2,7.75,1.81,0.95,4.6,2.2,205,0.92,369,0.28,0.1,56,0.9,500,28,140,0.09,114.7,N/A
K_37_8_5_2023,8/5/2023,2023,August,8,Monsoon,karamjol,22.429192,89.598257,Spring,F,7:30,17:00,5:00 PM,5,2,Cloudy,10,SW,30.1,8.3,7.78,1.93,0.98,4.9,1.7,131,0.96,249,0.29,1.3,59,0.8,450,29,145,0.08,150.7,N/A
K_38_8_27_2023,8/27/2023,2023,August,8,Monsoon,karamjol,22.429192,89.598257,Neap,R,7:30,17:00,7:30 AM,7.5,2,Cloudy,6.8,S,29.92,8.4,7.69,0.543,0.26,7.72,247,104,0.27,203,0.13,2.2,16,0.5,110,17,85,0.08,129.1,N/A
K_39_8_27_2023,8/27/2023,2023,August,8,Monsoon,karamjol,22.429192,89.598257,Neap,F,7:30,17:00,9:00 AM,9,2,Cloudy,8,S,29.94,8,7.84,0.595,0.28,7.33,237.5,113,0.297,199,0.09,3.2,17,0.7,100,19,95,0.04,133.4,N/A
K_40_8_27_2023,8/27/2023,2023,August,8,Monsoon,karamjol,22.429192,89.598257,Neap,F,7:30,17:00,11:00 AM,11,2,Cloudy,9,W,30,7.4,7.85,0.455,0.22,8.14,224.6,104,0.229,225,0.05,3.3,12,0.8,50,18,90,0.07,113.8,N/A
K_41_8_27_2023,8/27/2023,2023,August,8,Monsoon,karamjol,22.429192,89.598257,Neap,F,7:30,17:00,1:00 PM,1,2,Cloudy,5.3,SW,30.09,6,7.81,0.794,0.38,7.96,186.4,217,0.398,354,0.09,2.3,22,0.8,110,19,95,0.07,118.9,N/A
K_42_8_27_2023,8/27/2023,2023,August,8,Monsoon,karamjol,22.429192,89.598257,Neap,F,7:30,17:00,3:00 PM,3,2,Cloudy,12.9,S,30.18,4.8,7.87,0.403,0.19,8.32,198.6,239,0.201,423,0.04,3.1,10,0.9,40,13,65,0.09,132.6,N/A
K_43_8_27_2023,8/27/2023,2023,August,8,Monsoon,karamjol,22.429192,89.598257,Neap,R,7:30,17:00,5:00 PM,5,2,Cloudy,5,W,30.18,7.5,7.86,0.382,0.18,7.64,202.4,147,0.191,275,0.04,2.4,13,0.2,170,16,80,0.07,121.2,Navy ship passed 
K_44_9_25_2023,9/25/2023,2023,September,9,Monsoon,karamjol,22.429192,89.598257,Neap,R,7:30,17:00,7:30 AM,7.5,2,Rainy ,6.8,SE,29.79,7.1,7.91,0.514,0.24,6.6,59.1,107,0.257,156,0.07,2.9,19,1.1,50,6,30,0.08,328.5,Rain from 6:20am to 7:30
K_45_9_25_2023,9/25/2023,2023,September,9,Monsoon,karamjol,22.429192,89.598257,Neap,F,7:30,17:00,9:00 AM,9,2,Sunny,2.8,SW,29.86,7,7.98,0.53,0.25,6.54,59.9,87.7,0.265,149,0.09,2.5,14,1,60,5,25,0.07,287,Coal ship passed 
K_46_9_25_2023,9/25/2023,2023,September,9,Monsoon,karamjol,22.429192,89.598257,Neap,F,7:30,17:00,11:00 AM,11,2,Sunny,5,S,29.82,6.9,7.95,0.491,0.23,6.48,64.7,82,0.248,137,0.08,1.3,12,0.8,50,8,40,0.07,238.4,N/A
K_47_9_25_2023,9/25/2023,2023,September,9,Monsoon,karamjol,22.429192,89.598257,Neap,F,7:30,17:00,1:00 PM,1,2,Cloudy ,7.2,S,29.9,5.7,7.88,0.504,0.24,6.56,110.7,173,0.253,286,0.1,2.1,13,1,90,7,35,0.07,224.5,"Rain from 11:30am to 12:50am, High current"
K_48_9_25_2023,9/25/2023,2023,September,9,Monsoon,karamjol,22.429192,89.598257,Neap,F,7:30,17:00,3:00 PM,3,2,Sunny,6.4,SE,29.9,4.8,7.93,0.414,0.19,6.42,113.8,168,0.207,237,0.09,0.3,11,1.1,110,8,40,0.09,248.7,N/A
K_49_9_25_2023,9/25/2023,2023,September,9,Monsoon,karamjol,22.429192,89.598257,Neap,R,7:30,17:00,5:00 PM,5,2,Sunny,2.5,S,30.06,7.7,7.9,0.437,0.21,6.33,118,136,0.219,193,0.06,2.1,11,1.1,180,9,45,0.11,244.1,N/A
K_50_10_1_2023,9/30/2023,2023,September,9,Monsoon,karamjol,22.429192,89.598257,Spring,F,7:30,17:00,7:30 AM,7.5,2,Sunny,11.5,SE,29.76,4.8,7.8,0.455,0.21,6.05,112,533,0.226,654,0.1,2.3,14,0.6,30,10,50,0.09,305.7,N/A
K_51_10_1_2023,9/30/2023,2023,September,9,Monsoon,karamjol,22.429192,89.598257,Spring,R,7:30,17:00,9:00 AM,9,2,Sunny,17.6,E,29.77,4.5,7.76,0.513,0.24,5.59,105.4,613,0.252,871,0.14,2.4,16,0.7,50,18,90,0.07,297.2,N/A
K_52_10_1_2023,9/30/2023,2023,September,9,Monsoon,karamjol,22.429192,89.598257,Spring,R,7:30,17:00,11:00 AM,11,2,Sunny,17,S,30.08,7.5,7.81,0.4,0.19,5.82,108.6,425,0.208,568,0.19,2.5,20,0.8,80,15,75,0.06,214.5,Coal ship passed
K_53_10_1_2023,9/30/2023,2023,September,9,Monsoon,karamjol,22.429192,89.598257,Spring,R,7:30,17:00,1:00 PM,1,2,Cloudy,23.4,S,29.82,9.2,7.76,0.615,0.29,5.3,105.7,362,0.308,545,0.02,2.6,15,0.7,100,13,65,0.08,237.3,N/A
K_54_10_1_2023,9/30/2023,2023,September,9,Monsoon,karamjol,22.429192,89.598257,Spring,F,7:30,17:00,3:00 PM,3,2,Sunny,20.1,S,29.91,8.5,7.8,0.672,0.32,5.34,118,306,0.336,486,0.01,2.3,13,0.8,90,19,95,0.09,318.2,N/A
K_55_10_1_2023,9/30/2023,2023,September,9,Monsoon,karamjol,22.429192,89.598257,Spring,F,7:30,17:00,5:00 PM,5,2,Cloudy,12.9,S,29.78,6.9,7.75,0.617,0.3,5.37,119.9,312,0.309,454,0.01,2.1,11,0.8,70,21,105,0.07,301.7,N/A
K_56_10_22_2023,10/22/2023,2023,Octobor,10,Post Monsoon,karamjol,22.429192,89.598257,Neap,R,7:00,17:00,7:00 AM,7,2,Sunny,9,NE ,29.88,6.8,7.75,0.363,0.17,6.27,99.8,181,0.181,393,0.34,0.2,8,1.2,110,14,70,0,199.7,Huge amount of tourist ship anchored at sampling site
K_57_10_22_2023,10/22/2023,2023,Octobor,10,Post Monsoon,karamjol,22.429192,89.598257,Neap,F,7:00,17:00,9:00 AM,9,2,Sunny,9,NE ,30.04,5.9,7.73,0.342,0.16,5.98,108.9,238,0.171,335,0.04,0.1,7,1.3,60,12,60,0,245.2,N/A
K_58_10_22_2023,10/22/2023,2023,Octobor,10,Post Monsoon,karamjol,22.429192,89.598257,Neap,F,7:00,17:00,11:00 AM,11,2,Sunny,7.5,E,30.21,5.5,7.77,0.363,0.17,5.98,111.1,183,0.182,264,0.15,1.7,8,0.9,100,10,50,0,238.1,N/A
K_59_10_22_2023,10/22/2023,2023,Octobor,10,Post Monsoon,karamjol,22.429192,89.598257,Neap,F,7:00,17:00,1:00 PM,1,2,Sunny,4.3,NE ,30.52,5.5,7.76,0.357,0.17,6.06,102.9,122,0.179,193,0.73,2.4,8,0.9,50,15,75,0,298.5,N/A
K_60_10_22_2023,10/22/2023,2023,Octobor,10,Post Monsoon,karamjol,22.429192,89.598257,Neap,R,7:00,17:00,3:00 PM,3,2,Sunny,1.4,SE,30.57,6.4,7.74,0.351,0.16,5.9,105.6,140,0.175,208,0.14,1.3,8,0.8,70,12,60,0,267,N/A
K_61_10_22_2023,10/22/2023,2023,Octobor,10,Post Monsoon,karamjol,22.429192,89.598257,Neap,R,7:00,17:00,5:00 PM,5,2,Sunny,2.5,W,30.28,7.2,7.77,0.352,0.17,6.05,107.7,122,0.176,185,0.22,2.3,8,0.8,50,9,45,0,251.7,N/A
K_62_10_31_2023,10/31/2023,2023,Octobor,10,Post Monsoon,karamjol,22.429192,89.598257,Spring,F,7:00,17:00,7:00 AM,7,2,Sunny and foggy,2.7,N,28.75,4.6,7.73,0.471,0.22,6.04,80.8,270,0.237,400,0.1,2.5,13,2.2,80,19,95,0,287.5,N/A
K_63_10_31_2023,10/31/2023,2023,Octobor,10,Post Monsoon,karamjol,22.429192,89.598257,Spring,F,7:00,17:00,9:00 AM,9,2,Sunny,1.5,N,28.82,4.3,7.74,0.452,0.22,5.55,83.5,299,0.227,445,0.1,1.3,9,2.2,100,21,105,0,224.1,N/A
K_64_10_31_2023,10/31/2023,2023,Octobor,10,Post Monsoon,karamjol,22.429192,89.598257,Spring,R,7:00,17:00,11:00 AM,11,2,Sunny,7.5,N,29.55,7.6,7.71,0.484,0.23,5.61,99,282,0.242,401,0.1,1.4,10,3.4,120,14,70,0,244.8,N/A
K_65_10_31_2023,10/31/2023,2023,Octobor,10,Post Monsoon,karamjol,22.429192,89.598257,Spring,R,7:00,17:00,1:00 PM,1,2,Sunny,2.7,NE,29.15,8,7.74,0.604,0.29,5.64,90.4,223,0.302,343,0.06,0.3,12,4.4,80,11,55,0,284.6,N/A
K_66_10_31_2023,10/31/2023,2023,Octobor,10,Post Monsoon,karamjol,22.429192,89.598257,Spring,F,7:00,17:00,3:00 PM,3,2,Sunny,1.9,W,28.29,7.5,7.8,0.631,0.3,5.63,83.8,158,0.316,279,0.08,2.3,11,3.4,140,7,35,0,311.5,N/A
K_67_10_31_2023,10/31/2023,2023,Octobor,10,Post Monsoon,karamjol,22.429192,89.598257,Spring,F,7:00,17:00,5:00 PM,5,2,Sunny,0.5,W,28.86,6.1,7.76,0.589,0.28,5.65,88.8,216,0.295,310,0.09,1.3,20,3.5,80,13,65,0,232,N/A
K_68_11_21_2023,11/21/2023,2023,November,11,Post Monsoon,karamjol,22.429192,89.598257,Neap,R,7:30,17:00,7:30 AM,7.5,2,Foggy and Cloudy,5.5,N,26.3,7.9,7.89,0.83,0.4,6.85,65.2,94.2,0.415,158,0.07,2.4,21,0.7,200,28,140,0.01,235.1,N/A
K_69_11_21_2023,11/21/2023,2023,November,11,Post Monsoon,karamjol,22.429192,89.598257,Neap,F,7:30,17:00,9:00 AM,9,2,Foggy and Cloudy,3.7,NW,26.27,6.8,7.86,0.835,0.41,6.74,72.3,99.3,0.42,246,0.02,3,16,0.7,250,25,125,0.06,62.6,N/A
K_70_11_21_2023,11/21/2023,2023,November,11,Post Monsoon,karamjol,22.429192,89.598257,Neap,F,7:30,17:00,11:00 AM,11,2,Foggy and Cloudy,6.8,WN,26.51,5.8,7.84,0.63,0.3,6.51,72.5,218,0.315,386,0.03,5.3,14,0.9,250,20,100,0.05,48.5,N/A
K_71_11_21_2023,11/21/2023,2023,November,11,Post Monsoon,karamjol,22.429192,89.598257,Neap,F,7:30,17:00,1:00 PM,1,2,Sunny,2.2,N,26.61,5.4,7.85,0.585,0.28,6.35,73.2,183,0.292,212,0.09,3.4,14,0.6,240,16,80,0.02,80,N/A
K_72_11_21_2023,11/21/2023,2023,November,11,Post Monsoon,karamjol,22.429192,89.598257,Neap,R,7:30,17:00,3:00 PM,3,2,Sunny,0.5,W,26.7,6.1,7.84,0.668,0.32,6.56,73.7,80.6,0.318,154,0.04,3.7,16,0.6,150,17,85,0.11,78.4,N/A
K_73_11_21_2023,11/21/2023,2023,November,11,Post Monsoon,karamjol,22.429192,89.598257,Neap,R,7:30,17:00,5:00 PM,5,2,Sunny,1,W,26.63,7.2,7.87,0.62,0.3,6.35,72.4,140,0.31,211,0.01,3.5,15,0.8,170,17,85,0.05,72.1,N/A
K_74_11_28_2023,11/28/2023,2023,November,11,Post Monsoon,karamjol,22.429192,89.598257,Spring,F,7:30,17:00,7:30 AM,7.5,2,Foggy and Sunny,10,NW,25.74,4.5,7.83,0.849,0.42,6.73,102.8,253,0.425,363,0.03,3.6,24,1.1,80,20,100,0.01,83,N/A
K_75_11_28_2023,11/28/2023,2023,November,11,Post Monsoon,karamjol,22.429192,89.598257,Spring,R,7:30,17:00,9:00 AM,9,2,Sunny,9,NW,25.76,5.5,7.8,0.797,0.39,6.4,104.6,176,0.398,263,0.01,3.9,22,1,90,15,75,0.02,122.2,N/A
K_76_11_28_2023,11/28/2023,2023,November,11,Post Monsoon,karamjol,22.429192,89.598257,Spring,R,7:30,17:00,11:00 AM,11,2,Sunny,0.5,N,25.78,7.7,7.81,0.956,0.47,6.36,106.3,132,0.478,261,0.04,3.9,22,0.9,70,18,90,0.02,254.8,N/A
K_77_11_28_2023,11/28/2023,2023,November,11,Post Monsoon,karamjol,22.429192,89.598257,Spring,R,7:30,17:00,1:00 PM,1,2,Sunny,1.2,N,25.85,7.8,7.84,1.191,0.59,6.43,96.9,116,0.595,200,0.03,3.1,34,0.8,90,16,80,0.01,213.8,N/A
K_78_11_28_2023,11/28/2023,2023,November,11,Post Monsoon,karamjol,22.429192,89.598257,Spring,F,7:30,17:00,3:00 PM,3,2,Sunny,0.5,N,25.91,6.7,7.82,1.111,0.55,6.38,90.8,115,0.553,176,0.09,2.7,27,0.7,100,21,105,0.05,92.7,N/A
K_79_11_28_2023,11/28/2023,2023,November,11,Post Monsoon,karamjol,22.429192,89.598257,Spring,F,7:30,17:00,5:00 PM,5,2,Sunset,0.2,N,25.94,5.6,7.81,0.94,0.46,6.29,91.3,287,0.469,453,0.1,3.3,26,1.1,80,19,95,0.01,135.5,N/A
K_80_12_6_2023,12/6/2023,2023,December,12,Dry,karamjol,22.429192,89.598257,Neap,F,8:00,17:00,8:00 AM,8,2,Cloudy and Foggy,5.4,N,25.21,7.2,7.85,0.877,0.43,7.14,143.3,66.1,0.436,99,0.03,3.5,23,0.7,80,19,95,0.04,55.9,N/A
K_81_12_6_2023,12/6/2023,2023,December,12,Dry,karamjol,22.429192,89.598257,Neap,F,8:00,17:00,9:00 AM,9,2,Sunny and Foggy,8.7,N,25.19,6.7,7.93,0.868,0.42,6.99,152.3,114,0.435,178,0.05,3.1,25,1,90,17,85,0.06,57.2,N/A
K_82_12_6_2023,12/6/2023,2023,December,12,Dry,karamjol,22.429192,89.598257,Neap,F,8:00,17:00,11:00 AM,11,2,Sunny,7.4,N,25.41,5.3,7.96,0.756,0.37,6.8,159.9,151,0.378,253,0.04,3.2,19,1.1,100,21,105,0.04,68.5,N/A
K_83_12_6_2023,12/6/2023,2023,December,12,Dry,karamjol,22.429192,89.598257,Neap,R,8:00,17:00,1:00 PM,1,2,Cloudy ,9.1,NE,25.47,6,7.95,0.752,0.37,6.7,169.3,122,0.376,180,0.09,3.5,21,0.9,100,20,100,0.05,75.1,N/A
K_84_12_6_2023,12/6/2023,2023,December,12,Dry,karamjol,22.429192,89.598257,Neap,R,8:00,17:00,3:00 PM,3,2,Light rain,10.2,N,25.46,7,7.94,0.757,0.37,6.81,181.6,81.1,0.378,132,0.03,2.9,20,1.1,80,17,85,0.05,85.7,"Ship passed, high wave"
K_85_12_6_2023,12/6/2023,2023,December,12,Dry,karamjol,22.429192,89.598257,Neap,R,8:00,17:00,5:00 PM,5,2,Light rain ,8.5,N,25.46,7.2,7.95,0.758,0.38,6.84,168.9,119,0.376,185,0.01,3.1,20,1,110,18,90,0.06,67.2,N/A
K_86_12_14_2023,12/14/2023,2023,December,12,Dry,karamjol,22.429192,89.598257,Spring,F,7:00,17:00,7:00 AM,7,2,Sunny and Foggy,5.2,N,23.53,4.2,7.97,1.004,0.5,7.28,89.9,298,0.501,324,0.06,3.2,28,1.4,70,23,115,0.06,65.8,N/A
K_87_12_14_2023,12/14/2023,2023,December,12,Dry,karamjol,22.429192,89.598257,Spring,R,7:00,17:00,9:00 AM,9,2,Sunny and Foggy,2.7,N,23.52,5.2,7.99,0.998,0.49,7.21,88.2,149,0.501,218,0.06,3.1,29,0.6,70,21,105,0.02,55.1,N/A
K_88_12_14_2023,12/14/2023,2023,December,12,Dry,karamjol,22.429192,89.598257,Spring,R,7:00,17:00,11:00 AM,11,2,Sunny,3.1,N,23.66,7.2,7.97,1.1,0.55,7.35,83,205,0.551,220,0.01,3.2,31,1,80,22,110,0.04,54.9,N/A
K_89_12_14_2023,12/14/2023,2023,December,12,Dry,karamjol,22.429192,89.598257,Spring,R,7:00,17:00,1:00 PM,1,2,Sunny,1.2,N,23.83,7.5,7.97,1.516,0.76,7.24,85,213,0.558,279,0.03,3.6,49,0.9,100,21,105,0.06,79.8,N/A
K_90_12_14_2023,12/14/2023,2023,December,12,Dry,karamjol,22.429192,89.598257,Spring,F,7:00,17:00,3:00 PM,3,2,Sunny,10.2,N,23.77,7,7.95,1.64,0.83,7.36,74.5,88.6,0.819,120,0.05,3.5,49,0.5,90,23,115,0.04,62.3,N/A
K_91_12_14_2023,12/14/2023,2023,December,12,Dry,karamjol,22.429192,89.598257,Spring,F,7:00,17:00,5:00 PM,5,2,Sunset and cloudy,14.3,N,23.59,5.2,7.95,1.291,0.64,7.13,55.6,265,0.646,411,0.1,3.8,40,1,80,22,110,0.04,88,N/A
K_92_21_01_2024,21/01/2024,2024,January,1,Dry,karamjol,22.429192,89.598257,Neap,R,7:00,17:00,7:00 AM,7,2,Huge foggy,0.2,N,20.15,7.4,7.9,7.285,4.03,7.95,70.5,150,3.642,151,0.31,2.9,107,0.4,240,35,175,0.01,102,Tourist ship anchored
K_93_21_01_2024,21/01/2024,2024,January,1,Dry,karamjol,22.429192,89.598257,Neap,R,7:00,17:00,9:00 AM,9,2,Foggy,2.2,N,20.13,8.1,7.92,7.298,4.04,8.1,69.2,43.2,3.649,147,0.22,3.2,107,0.4,220,40,200,0.02,101.1,"Tourist ship anchored, tourist ship passed"
K_94_21_01_2024,21/01/2024,2024,January,1,Dry,karamjol,22.429192,89.598257,Neap,F,7:00,17:00,11:00 AM,11,2,Foggy,5.3,NE,20.2,7,7.97,7.306,4.04,7.94,69.2,38.8,3.654,64,0.34,3.6,107,0.3,180,43,215,0.02,98.2,Tourist ship anchored
K_95_21_01_2024,21/01/2024,2024,January,1,Dry,karamjol,22.429192,89.598257,Neap,F,7:00,17:00,1:00 PM,1,2,Foggy,0.3,N,20.32,5.9,7.96,7.378,4.08,7.85,69.1,89.9,3.69,195,0.34,3.1,106,0.6,200,37,185,0.02,65.3,Tourist ship anchored
K_96_21_01_2024,21/01/2024,2024,January,1,Dry,karamjol,22.429192,89.598257,Neap,F,7:00,17:00,3:00 PM,3,2,Sunny,0.1,N,20.41,5.2,7.96,7.54,4.18,7.8,69.6,90.7,3.773,192,0.3,3,106,0.5,160,39,195,0.03,70.1,N/A
K_97_21_01_2024,21/01/2024,2024,January,1,Dry,karamjol,22.429192,89.598257,Neap,F,7:00,17:00,5:00 PM,5,2,Foggy,1.5,W,20.44,5.1,7.96,7.477,4.14,7.85,70,49.8,3.739,90,0.32,3.4,106,0.4,210,38,190,0.02,72.3,N/A
K_98_1_29_2024,1/29/2024,2024,January,1,Dry,karamjol,22.429192,89.598257,Spring,F,7:00,17:00,7:00 AM,7,2,Cold and Foggy,2.1,N,19.71,5,8,8.82,4.95,8.19,63.1,346,4.413,296,0.31,2.9,100,1.1,90,37,185,0.01,104,N/A
K_99_1_29_2024,1/29/2024,2024,January,1,Dry,karamjol,22.429192,89.598257,Spring,F,7:00,17:00,9:00 AM,9,2,Sunny,0.5,N,19.82,4.6,7.98,9.121,5.13,8.2,63.8,258,4.562,309,0.44,3.2,101,1,140,45,225,0.01,99.1,N/A
K_100_1_29_2024,1/29/2024,2024,January,1,Dry,karamjol,22.429192,89.598257,Spring,R,7:00,17:00,11:00 AM,11,2,Sunny,1.5,N,20.55,5.5,8,9.076,5.11,8.11,64.8,52.2,4.542,73,0.49,2.7,100,0.4,180,48,240,0.03,62.3,N/A
K_101_1_29_2024,1/29/2024,2024,January,1,Dry,karamjol,22.429192,89.598257,Spring,R,7:00,17:00,1:00 PM,1,2,Sunny,1.1,N,20.04,7.7,7.99,8.931,5.01,8.09,65.2,114,4.465,179,0.41,1.9,97,0.5,200,45,225,0.08,89,Ship passed
K_102_1_29_2024,1/29/2024,2024,January,1,Dry,karamjol,22.429192,89.598257,Spring,R,7:00,17:00,3:00 PM,3,2,Sunny,0.7,N,20.17,7.4,7.98,9.43,5.31,8.33,65,27.5,4.719,46,0.45,2.3,99,0.3,190,39,195,0.01,55.7,N/A
K_103_1_29_2024,1/29/2024,2024,February,2,Dry,karamjol,22.429192,89.598257,Spring,F,7:00,17:00,5:00 PM,5,2,Sunny,0.1,N,20.21,6.9,7.98,9.271,5.23,8.37,65.6,27,4.638,50,0.41,2.7,99,0.3,130,40,200,0.02,65.1,N/A
K_104_2_19_2024,2/19/2024,2024,February,2,Dry,karamjol,22.429192,89.598257,Neap,R,7:00,17:00,7:00 AM,7,2,Less foggy,0.5,SW,22.81,6.2,7.84,14.7,8.55,7.08,29.6,38.4,7.352,47,1.06,4.8,117,0.5,130,134,670,0.07,25.1,N/A
K_105_2_19_2024,2/19/2024,2024,February,2,Dry,karamjol,22.429192,89.598257,Neap,F,7:00,17:00,9:00 AM,9,2,Sunny,6.5,SW,22.83,6.8,7.8,14.73,8.56,7.12,31.9,28,7.361,45,0.6,4.9,118,0.5,120,132,660,0.1,21.2,N/A
K_106_2_19_2024,2/19/2024,2024,February,2,Dry,karamjol,22.429192,89.598257,Neap,F,7:00,17:00,11:00 AM,11,2,Sunny,0.3,SW,23,6.4,7.8,14.72,8.57,7.23,33.3,19.5,7.359,20,0.99,5.3,116,0.3,80,157,785,0.17,6.4,Tourist ship passed
K_107_2_19_2024,2/19/2024,2024,February,2,Dry,karamjol,22.429192,89.598257,Neap,F,7:00,17:00,1:00 PM,1,2,Sunny,4.5,SE,23.24,5.9,7.81,14.8,8.61,6.95,32.1,65,7.4,101,0.86,4.6,118,0.9,90,153,765,0.14,22.2,N/A
K_108_2_19_2024,2/19/2024,2024,February,2,Dry,karamjol,22.429192,89.598257,Neap,F,7:00,17:00,3:00 PM,3,2,Sunny,2.9,SE,23.35,5.6,7.79,14.78,8.6,7.56,33.4,43.6,7.394,59,0.94,5.5,118,0.6,90,150,750,0.08,16.6,N/A
K_109_2_19_2024,2/19/2024,2024,February,2,Dry,karamjol,22.429192,89.598257,Neap,R,7:00,17:00,5:00 PM,5,2,Sunny,1.2,SE,23.34,6,7.79,14.77,8.59,7.24,32.8,20.8,7.388,33,0.88,5,118,0.5,90,157,785,0.12,20,LPG ship passed
K_110_2_28_2024,2/28/2024,2024,February,2,Dry,karamjol,22.429192,89.598257,Spring,F,7:00,17:00,7:00 AM,7,2,Sunny,8.1,W,23.65,5.1,8.04,16.33,9.57,7.81,48.6,357,8.163,593,1.31,5.3,116,1.5,110,180,900,0.15,214.2,"Tourist ship anchored, high current"
K_111_2_28_2024,2/28/2024,2024,February,2,Dry,karamjol,22.429192,89.598257,Spring,F,7:00,17:00,9:00 AM,9,2,Sunny,6.1,W,23.71,4.2,7.92,16.6,9.75,7.4,54.9,344,8.3,454,0.91,6.1,118,0.9,90,161,805,0.11,24.8,Tourist ship anchored
K_112_2_28_2024,2/28/2024,2024,February,2,Dry,karamjol,22.429192,89.598257,Spring,R,7:00,17:00,11:00 AM,11,2,Sunny,1.2,NW,24.21,5.3,7.89,16.68,9.78,7.2,57.7,54.7,8.33,96,0.86,6,115,0.5,130,185,925,0.28,55,"Tourist ship anchored, LPG ship passed"
K_113_2_28_2024,2/28/2024,2024,February,2,Dry,karamjol,22.429192,89.598257,Spring,R,7:00,17:00,1:00 PM,1,2,Sunny,15.4,NW,23.94,7.3,7.88,16.54,9.71,7.09,58.3,381,8.271,526,0.93,5.1,115,1.2,100,201,1005,0.28,26.5,N/A
K_114_2_28_2024,2/28/2024,2024,February,2,Dry,karamjol,22.429192,89.598257,Spring,R,7:00,17:00,3:00 PM,3,2,Sunny,5.5,NW,24.05,7.5,7.86,17.43,10.27,7.33,59,158,8.714,207,0.91,4.7,117,1.1,100,223,1115,0.14,39.7,N/A
K_115_2_28_2024,2/28/2024,2024,February,2,Dry,karamjol,22.429192,89.598257,Spring,F,7:00,17:00,5:00 PM,5,2,Sunny,2.7,NW,24.14,7.2,7.87,17.35,10.24,7.48,58.6,41.9,8.696,57,0.71,5,117,0.5,90,203,1015,0.11,65.8,N/A
K_116_3_6_2024,3/6/2024,2024,March,3,Pre Monsoon,karamjol,22.429192,89.598257,Neap,R,7:00,17:00,7:00 AM,7,2,Sunny,9.1,N,25.25,6.6,8.04,17.68,10.42,7.43,52,81.6,8.841,113,1.22,5.7,620,0.4,110,258,1290,0.19,139.9,Tourist ship anchored
K_117_3_6_2024,3/6/2024,2024,March,3,Pre Monsoon,karamjol,22.429192,89.598257,Neap,F,7:00,17:00,9:00 AM,9,2,Sunny,19,N,25.13,6.8,7.93,17.59,10.36,7.34,57.8,69.9,8.799,89,1.17,5.6,680,0.3,90,270,1350,0.05,41.2,Tourist ship started and go
K_118_3_6_2024,3/6/2024,2024,March,3,Pre Monsoon,karamjol,22.429192,89.598257,Neap,F,7:00,17:00,11:00 AM,11,2,Sunny,15.2,N,25.26,6.2,7.93,17.59,10.37,7.62,58.6,42.8,8.798,51,1.79,5.6,740,0.3,100,267,1335,0.07,186,N/A
K_119_3_6_2024,3/6/2024,2024,March,3,Pre Monsoon,karamjol,22.429192,89.598257,Neap,F,7:00,17:00,1:00 PM,1,2,Sunny,13.7,N,25.58,5.5,7.95,17.88,10.55,7.51,60.5,92.9,8.945,113,1.71,4.8,770,0.3,80,276,1380,0.06,52.8,N/A
K_120_3_6_2024,3/6/2024,2024,March,3,Pre Monsoon,karamjol,22.429192,89.598257,Neap,F,7:00,17:00,3:00 PM,3,2,Sunny,11.9,N,25.66,4.7,7.94,18.09,10.69,7.43,61.7,122,9.051,154,1.63,5.8,700,0.4,80,283,1415,0.07,13.5,N/A
K_121_3_6_2024,3/6/2024,2024,March,3,Pre Monsoon,karamjol,22.429192,89.598257,Neap,R,7:00,17:00,5:00 PM,5,2,Sunny,4.3,N,25.7,5,7.94,18.11,10.69,7.45,60.1,50,9.057,64,1.13,4.6,620,0.3,90,290,1450,0.16,64.4,N/A
K_122_3_25_2024,3/25/2024,2024,March,3,Pre Monsoon,karamjol,22.429192,89.598257,Spring,F,7:00,17:00,7:00 AM,7,2,Sunny,13.9,S,27.03,3.9,7.92,22.67,13.63,7,57.3,383,11.34,482,2.38,4.4,800,0.6,90,271,1355,0.12,80.1,N/A
K_123_3_25_2024,3/25/2024,2024,March,3,Pre Monsoon,karamjol,22.429192,89.598257,Spring,R,7:00,17:00,9:00 AM,9,2,Sunny,10.4,S,27.16,4.8,7.82,22.62,13.59,7.09,60.2,153,11.31,167,2.1,4.1,787,0.3,100,263,1315,0.25,76.1,N/A
K_124_3_25_2024,3/25/2024,2024,March,3,Pre Monsoon,karamjol,22.429192,89.598257,Spring,R,7:00,17:00,11:00 AM,11,2,Sunny,22.3,SW,27.43,7.4,7.79,22.94,13.8,6.88,62.2,337,11.42,353,2.25,4.3,853,0.5,80,260,1300,0.27,90.2,Ship passed
K_125_3_25_2024,3/25/2024,2024,March,3,Pre Monsoon,karamjol,22.429192,89.598257,Spring,R,7:00,17:00,1:00 PM,1,2,Sunny,18.3,SW,27.42,7.8,7.85,23.73,14.33,6.73,60.5,101,11.87,121,2.09,4.4,853,0.2,90,270,1350,0.18,70.3,N/A
K_126_3_25_2024,3/25/2024,2024,March,3,Pre Monsoon,karamjol,22.429192,89.598257,Spring,F,7:00,17:00,3:00 PM,3,2,Sunny,19.5,W,27.6,7.8,7.8,23.53,14.19,6.83,64.3,51.8,11.77,74,2.12,3.7,853,0.2,120,276,1380,0.16,63.5,N/A
K_127_3_25_2024,3/25/2024,2024,March,3,Pre Monsoon,karamjol,22.429192,89.598257,Spring,F,7:00,17:00,5:00 PM,5,2,Sunny,14.4,SW,27.36,5.5,7.79,22.84,13.74,6.78,61.9,456,11.42,577,1.97,3.1,827,0.4,100,290,1450,0.17,53.7,Ship passed
K_128_4_16_2024,4/16/2024,2024,April,4,Pre Monsoon,karamjol,22.429192,89.598257,Neap,R,7:00,17:00,7:00 AM,7,2,Sunny,4.3,W,30.1,6.3,7.53,27.59,16.84,5.5,56.8,26.9,13.79,38,3.31,5.4,1060,0.5,80,314,1570,0.12,49.3,N/A
K_129_4_16_2024,4/16/2024,2024,April,4,Pre Monsoon,karamjol,22.429192,89.598257,Neap,F,7:00,17:00,9:00 AM,9,2,Sunny,8.3,W,30.45,6.5,7.62,27.92,17.09,5.57,56.8,100,13.99,143,3.41,6.7,1080,0.7,120,351,1755,0.27,38.3,N/A
K_130_4_16_2024,4/16/2024,2024,April,4,Pre Monsoon,karamjol,22.429192,89.598257,Neap,F,7:00,17:00,11:00 AM,11,2,Sunny,18.3,W,30.52,5.6,7.71,28.18,17.22,5.61,54.5,105,14.09,159,3.04,10.3,1060,0.5,100,372,1860,0.19,158.2,N/A
K_131_4_16_2024,4/16/2024,2024,April,4,Pre Monsoon,karamjol,22.429192,89.598257,Neap,F,7:00,17:00,1:00 PM,1,2,Sunny,12.3,W,30.55,5.3,7.74,28.06,17.14,6.06,57,65.2,14.03,88,3.12,4.5,1080,0.7,110,309,1545,0.06,50.1,Ship passed
K_132_4_16_2024,4/16/2024,2024,April,4,Pre Monsoon,karamjol,22.429192,89.598257,Neap,R,7:00,17:00,3:00 PM,3,2,Sunny,10.1,W,30.78,6.8,7.76,27.88,17.02,6.02,49.5,102,13.95,143,3.17,5.9,1060,0.7,90,376,1880,0.08,77.4,Navy ship passed
K_133_4_16_2024,4/16/2024,2024,April,4,Pre Monsoon,karamjol,22.429192,89.598257,Neap,R,7:00,17:00,5:00 PM,5,2,Sunny,3.1,W,30.62,7.5,7.75,27.56,16.81,5.62,50.4,43.7,13.79,64,3.29,12,1040,0.6,100,325,1625,0.06,85.8,N/A
K_134_4_23_2024,4/23/2024,2024,April,4,Pre Monsoon,karamjol,22.429192,89.598257,Spring,R,7:00,17:00,7:00 AM,7,2,Sunny,9.1,W,31.46,4.2,7.9,28.28,17.24,6.82,31.4,184,14.12,237,2.9,5.9,1040,0.3,80,345,1725,0.16,81.4,Fishing boat passed
K_135_4_23_2024,4/23/2024,2024,April,4,Pre Monsoon,karamjol,22.429192,89.598257,Spring,R,7:00,17:00,9:00 AM,9,2,Sunny,12.2,W,31.65,5,7.84,28.65,17.52,6.66,38.2,101,14.33,203,3.14,4.4,1120,0.4,100,354,1770,0.25,48,N/A
K_136_4_23_2024,4/23/2024,2024,April,4,Pre Monsoon,karamjol,22.429192,89.598257,Spring,R,7:00,17:00,11:00 AM,11,2,Sunny,5.3,W,31.82,7.4,7.78,27.92,17.03,6.75,38.3,181,13.97,301,3.54,5.5,1060,0.4,100,351,1755,0.2,48.4,Navy ship passed
K_137_4_23_2024,4/23/2024,2024,April,4,Pre Monsoon,karamjol,22.429192,89.598257,Spring,R,7:00,17:00,1:00 PM,1,2,Sunny,6.6,W,31.63,8.5,7.79,28.02,17.09,6.42,39.7,120,14,176,3.16,3.8,1000,0.3,80,353,1765,0.16,81.9,Ship passed
K_138_4_23_2024,4/23/2024,2024,April,4,Pre Monsoon,karamjol,22.429192,89.598257,Spring,F,7:00,17:00,3:00 PM,3,2,Sunny,1.2,W,32.9,6.9,7.85,28,17.05,7.2,38.1,23.7,14,32,3.07,5.4,1060,0.2,100,354,1770,0.1,28.7,N/A
K_139_4_23_2024,4/23/2024,2024,April,4,Pre Monsoon,karamjol,22.429192,89.598257,Spring,F,7:00,17:00,5:00 PM,5,2,Sunny,1.1,W,31.92,5,7.8,28.31,17.29,6.75,39.1,254,14.17,274,2.07,4.8,1060,0.4,80,353,1765,0.17,53.2,N/A
K_140_5_8_2024,5/8/2024,2024,May,5,Pre Monsoon,karamjol,22.429192,89.598257,Spring,R,7:30,17:00,7:30 AM,7.5,2,Cloudy,25,E,30.58,4.1,7.97,30.61,18.87,6.82,42,405,15.31,594,2.88,5.6,114,0.5,100,352,1760,0.03,34.6,N/A
K_141_5_8_2024,5/8/2024,2024,May,5,Pre Monsoon,karamjol,22.429192,89.598257,Spring,R,7:30,17:00,9:00 AM,9,2,Cloudy,21.7,E,30.71,5.7,7.91,30.65,18.91,6.79,44.8,399,15.34,511,3.44,5.3,117,0.4,110,382,1910,0.02,59.4,Navy ship passed
K_142_5_8_2024,5/8/2024,2024,May,5,Pre Monsoon,karamjol,22.429192,89.598257,Spring,R,7:30,17:00,11:00 AM,11,2,Cloudy,16.7,SE,30.94,7.9,7.78,28.56,17.44,6.5,47.2,89.5,14.26,122,2.72,4.2,110,0.4,70,344,1720,0.01,37.8,N/A
K_143_5_8_2024,5/8/2024,2024,May,5,Pre Monsoon,karamjol,22.429192,89.598257,Spring,R,7:30,17:00,1:00 PM,1,2,Cloudy,16.2,SW,31.01,7.5,7.76,28.26,17.27,6.03,48.4,270,14.13,329,2.76,4.2,116,0.4,90,337,1685,0.02,78.3,N/A
K_144_5_8_2024,5/8/2024,2024,May,5,Pre Monsoon,karamjol,22.429192,89.598257,Spring,F,7:30,17:00,3:00 PM,3,2,Sunny,18.6,SW,30.96,6.4,7.79,28.08,17.15,6.13,46.9,139,14.04,175,3.05,3.8,118,0.4,80,330,1650,0.04,132.8,High wave
K_145_5_8_2024,5/8/2024,2024,May,5,Pre Monsoon,karamjol,22.429192,89.598257,Spring,F,7:30,17:00,5:00 PM,5,2,Sunny,11.6,S,30.71,5.2,7.77,29.28,17.97,6.11,48.2,112,14.65,246,3.38,4.8,115,0.4,90,328,1640,0.01,63.5,High wave
J_1_5_29_2023,5/29/2023,2023,May,5,Pre Monsoon,Joymoni,22.353167,89.627667,Neap,R,7:30,17:30,7:30 AM,7.5,2,Light Sunny,6,N,30.4,9.1,7.81,28,17.8,4.8,202.9,23.3,14.1,30,3.94,6.5,130,0.9,20,393,1965,0.06,125.3,N/A
J_2_5_29_2023,5/29/2023,2023,May,5,Pre Monsoon,Joymoni,22.353167,89.627667,Neap,F,7:30,17:30,9:30 AM,9.5,2,Sunny,6.1,N,30.7,8.5,7.82,28.6,18.2,4.9,200,17.88,14.3,24,3.97,7.7,130,1.1,15,332,1660,0.14,92.1,N/A
J_3_5_29_2023,5/29/2023,2023,May,5,Pre Monsoon,Joymoni,22.353167,89.627667,Neap,F,7:30,17:30,11:30 AM,11.5,2,Sunny,6.4,N,30.6,7.8,7.88,29.5,18.8,5,205.6,43.4,14.8,57,3.93,8.3,128,1.2,45,358,1790,0.06,96,N/A
J_4_5_29_2023,5/29/2023,2023,May,5,Pre Monsoon,Joymoni,22.353167,89.627667,Neap,F,7:30,17:30,1:30 PM,1.5,2,Sunny,1.8,NE,30.8,7.2,7.93,30.4,19.5,5,199.2,57.5,15.2,73,3.68,6.1,129,1,80,358,1790,0.08,91.4,N/A
J_5_5_29_2023,5/29/2023,2023,May,5,Pre Monsoon,Joymoni,22.353167,89.627667,Neap,R,7:30,17:30,3:30 PM,3.5,2,Sunny,8.2,N,31.8,7.4,7.89,30.3,19.4,5,195.5,19.74,15.2,28,3.66,7.5,130,1.1,20,362,1810,0.07,137.2,N/A
J_6_5_29_2023,5/29/2023,2023,May,5,Pre Monsoon,Joymoni,22.353167,89.627667,Neap,R,7:30,17:30,5:30 PM,5.5,2,Light Sunny,3.2,N,31.8,8.6,7.92,29.7,19,5.1,193.5,32.6,14.9,46,3.65,8.1,130,1,15,348,1740,0.05,209.2,N/A
J_7_6_12_2023,6/12/2023,2023,June,6,Monsoon,Joymoni,22.353167,89.627667,Neap,R,7:30,17:30,7:30 AM,7.5,2,Light Sunny,14.8,S,31.2,9.6,7.68,27.2,17.2,4.8,158.8,127,13.6,165,2.87,6.8,129,1.2,110,340,1700,0.01,169.6,N/A
J_8_6_12_2023,6/12/2023,2023,June,6,Monsoon,Joymoni,22.353167,89.627667,Neap,F,7:30,17:30,9:30 AM,9.5,2,Sunny,16.5,S,31.4,9.4,7.7,27.8,17.6,4.1,151.4,62,13.9,78,3.61,6.8,128,0.5,80,353,1765,0.05,119.7,N/A
J_9_6_12_2023,6/12/2023,2023,June,6,Monsoon,Joymoni,22.353167,89.627667,Neap,F,7:30,17:30,11:30 AM,11.5,2,Sunny,13.6,S,31.8,8.2,7.81,30.3,19.4,4.4,159.5,36,15.2,54,3.67,5.8,124,0.3,100,391,1955,0.07,139.3,N/A
J_10_6_12_2023,6/12/2023,2023,June,6,Monsoon,Joymoni,22.353167,89.627667,Neap,F,7:30,17:30,1:30 PM,1.5,2,Sunny,8.2,S,31.7,7.4,7.77,32.1,20.7,4.5,160.3,95,16.1,133,3.74,5.1,127,0.3,130,415,2075,0.06,90.2,N/A
J_11_6_12_2023,6/12/2023,2023,June,6,Monsoon,Joymoni,22.353167,89.627667,Neap,R,7:30,17:30,3:30 PM,3.5,2,Cloudy,23,SE,31.8,7.8,7.82,32,20.6,4.4,161.7,119,16,154,3.82,4.5,129,0.9,100,385,1925,0.01,107.9,N/A
J_12_6_12_2023,6/12/2023,2023,June,6,Monsoon,Joymoni,22.353167,89.627667,Neap,R,7:30,17:30,5:30 PM,5.5,2,Heavy thunderstrom ,10,E,31.4,9,7.78,31,19.9,4.4,193.5,139,15.5,179,3.69,2.6,129,0.5,140,370,1850,0.01,125.9,Heavy thunderstrom at 4:15 to 4:45 pm
J_13_6_20_2023, 6/20/2023,2023,June,6,Monsoon,Joymoni,22.353167,89.627667,Spring,F,7:00,17:00,7:00 AM,7,2,Sunny,12.6,S,30.6,7.5,7.89,32.2,20.8,7.4,100.4,260,16.2,398,4.61,3.8,131,0.4,20,395,1975,0.04,185.6,N/A
J_14_6_20_2023, 6/20/2023,2023,June,6,Monsoon,Joymoni,22.353167,89.627667,Spring,R,7:00,17:00,9:00 AM,9,2,Sunny,28.1,S,30.8,9.6,7.92,32.6,21,6.2,76,163,16.3,241,4.42,2.6,131,0.3,100,392,1960,0.07,149.1,N/A
J_15_6_20_2023, 6/20/2023,2023,June,6,Monsoon,Joymoni,22.353167,89.627667,Spring,R,7:00,17:00,11:00 AM,11,2,Sunny,27.7,S,30.8,11.3,7.86,31.1,20,6,73.2,460,15.6,677,4.11,2.7,130,0.4,110,387,1935,0.05,112.5,N/A
J_16_6_20_2023, 6/20/2023,2023,June,6,Monsoon,Joymoni,22.353167,89.627667,Spring,R,7:00,17:00,1:00 PM,1,2,Sunny,18.3,S,31.2,11.5,7.92,29.9,19.1,5.9,86.2,262,15,433,3.91,1.6,130,0.3,160,361,1805,0.03,150.6,N/A
J_17_6_20_2023, 6/20/2023,2023,June,6,Monsoon,Joymoni,22.353167,89.627667,Spring,F,7:00,17:00,3:00 PM,3,2,Cloudy,11.8,S,31,11.5,7.91,25.3,15.9,5.7,78,81.7,12.7,145,3.6,3.2,126,0.3,150,307,1535,0.01,139,N/A
J_18_6_20_2023, 6/20/2023,2023,June,6,Monsoon,Joymoni,22.353167,89.627667,Spring,F,7:00,17:00,5:00 PM,5,2,Light Rain,6.4,S,31.1,11.2,7.86,28.7,18.2,6.1,73.8,31,14.4,58,4.06,5.5,130,0.3,110,345,1725,0.05,91.2,N/A
J_19_7_11_2023, 7/11/2023,2023,July,7,Monsoon,Joymoni,22.353167,89.627667,Neap,R,7:00,17:00,7:00 AM,7,2,Cloudy,20.1,S,30.4,11.5,7.63,8.74,5.02,6.7,105.2,53.7,4.37,60,0.5,3.1,113,0.3,160,109,545,0.05,116.7,LPG ship passed at 6:50 am
J_20_7_11_2023, 7/11/2023,2023,July,7,Monsoon,Joymoni,22.353167,89.627667,Neap,F,7:00,17:00,9:00 AM,9,2,Cloudy,8.2,S,30.7,10.3,7.71,7.48,4.27,6.1,76.3,38.7,3.76,68,0.35,4.1,108,0.4,90,91,455,0.06,121.5,N/A
J_21_7_11_2023, 7/11/2023,2023,July,7,Monsoon,Joymoni,22.353167,89.627667,Neap,F,7:00,17:00,11:00 AM,11,2,Rain,9.3,W,30.7,9.1,7.7,6.5,3.65,6,74.1,142,3.25,208,0.56,2.6,105,2.2,120,79,395,0.09,125.7,Heavy rain from 10am -10:15am
J_22_7_11_2023, 7/11/2023,2023,July,7,Monsoon,Joymoni,22.353167,89.627667,Neap,F,7:00,17:00,1:00 PM,1,2,Heavy rain,2.5,E,30.8,8.5,7.74,4.37,2.39,5.9,84.5,163,2.19,215,0.36,2.9,95,1,90,60,300,0.06,103.7,Heavy rain from 11:30am to 1:10pm
J_23_7_11_2023, 7/11/2023,2023,July,7,Monsoon,Joymoni,22.353167,89.627667,Neap,R,7:00,17:00,3:00 PM,3,2,Cloudy,10,SE,30.9,9.3,7.75,4.44,2.42,5.8,83.8,85.9,2.22,123,0.27,2.6,95,0.9,160,55,275,0.07,152.3,Ship passed
J_24_7_11_2023, 7/11/2023,2023,July,7,Monsoon,Joymoni,22.353167,89.627667,Neap,R,7:00,17:00,5:00 PM,5,2,Sunny,10.8,S,30.8,10.4,7.7,6.14,3.43,5.7,78.3,65.6,3.07,112,0.58,2.7,103,1.5,120,81,405,0.09,131.3,Ship passed
J_25_7_19_2023, 7/19/2023,2023,July,7,Monsoon,Joymoni,22.353167,89.627667,Spring,F,7:00,17:00,7:00 AM,7,2,Cloudy,10.4,E,30.8,6.3,7.88,1.65,0.85,8.2,3.9,378,0.83,604,0.09,0.4,52,0.8,130,32,160,0.08,75,N/A
J_26_7_19_2023, 7/19/2023,2023,July,7,Monsoon,Joymoni,22.353167,89.627667,Spring,R,7:00,17:00,9:00 AM,9,2,Sunny,24.1,E,30.8,7.7,7.91,1.88,0.96,6.8,83.7,191,0.91,216,0.09,2,60,0.6,180,28,140,0.06,50.2,N/A
J_27_7_19_2023, 7/19/2023,2023,July,7,Monsoon,Joymoni,22.353167,89.627667,Spring,R,7:00,17:00,11:00 AM,11,2,Cloudy,16.5,E,30.9,9.9,7.81,2.91,1.55,6.3,80.2,343,1.46,466,0.11,1.7,78,1,110,27,135,0.1,123.5,N/A
J_28_7_19_2023, 7/19/2023,2023,July,7,Monsoon,Joymoni,22.353167,89.627667,Spring,R,7:00,17:00,1:00 PM,1,2,Sunny,23,E,31.1,10.4,7.78,3.82,2.07,6.2,83.4,173,1.91,213,0.18,0.3,88,0.8,80,40,200,0.07,98.2,Rain at 12:30 pm  for 10 minutes
J_29_7_19_2023, 7/19/2023,2023,July,7,Monsoon,Joymoni,22.353167,89.627667,Spring,F,7:00,17:00,3:00 PM,3,2,Sunny,15.1,E,31.1,9.6,7.78,4.01,2.18,6.2,80.1,70.9,2.01,109,0.27,1.9,91,0.6,160,39,195,0.06,93.6,N/A
J_30_7_19_2023, 7/19/2023,2023,July,7,Monsoon,Joymoni,22.353167,89.627667,Spring,F,7:00,17:00,5:00 PM,5,2,Sunny,20.8,E,30.9,8.9,7.77,3.15,1.69,6.3,92.4,66,1.58,110,0.12,1.8,81,0.7,110,33,165,0.07,95.7,N/A
J_31_8_4_2023,8/4/2023,2023,August,8,Monsoon,Joymoni,22.353167,89.627667,Spring,F,7:00,17:00,7:00 AM,7,2,Cloudy,14,S,30.4,6.6,7.8,1.5,0.68,7.4,1.2,353,0.66,490,0.24,0.5,43,0.9,270,20,100,0.09,114.1,High wave current
J_32_8_4_2023,8/4/2023,2023,August,8,Monsoon,Joymoni,22.353167,89.627667,Spring,F,7:00,17:00,9:00 AM,9,2,Cloudy,17.6,S,30.6,5.9,7.8,1.08,0.55,6.6,80.3,502,0.46,747,0.19,1.3,29,0.9,500,18,90,0.09,109.1,High wave 
J_33_8_4_2023,8/4/2023,2023,August,8,Monsoon,Joymoni,22.353167,89.627667,Spring,R,7:00,17:00,11:00 AM,11,2,Cloudy,2.5,S,30.4,8.5,7.81,1.57,0.68,5.5,117.3,277,0.78,482,0.21,0.6,41,0.8,370,18,90,0.08,171.7,High tide starts at 9:30am 
J_34_8_4_2023,8/4/2023,2023,August,8,Monsoon,Joymoni,22.353167,89.627667,Spring,R,7:00,17:00,1:00 PM,1,2,Cloudy,16.9,S,30.2,10.6,7.77,2.26,1.19,4.9,125.5,485,1.13,736,0.26,1.4,67,0.8,400,28,140,0.07,96.7,N/A
J_35_8_4_2023,8/4/2023,2023,August,8,Monsoon,Joymoni,22.353167,89.627667,Spring,F,7:00,17:00,3:00 PM,3,2,Cloudy,14.4,S,30.2,10,7.81,2.33,1.23,5,107.9,240,1.17,363,0.28,0.1,69,0.7,420,38,190,0.07,111.2,"Heavy rain from 3pm to 3:10pm, Low tide starts at 3pm, ship passed"
J_36_8_4_2023,8/4/2023,2023,August,8,Monsoon,Joymoni,22.353167,89.627667,Spring,F,7:00,17:00,5:00 PM,5,2,Cloudy,17.6,S,30.2,9.6,7.76,2.8,1.49,5.2,127,127,1.4,186,0.31,1.4,71,0.5,490,32,160,0.06,150.7,N/A
J_37_8_28_2023,8/28/2023,2023,August,8,Monsoon,Joymoni,22.353167,89.627667,Neap,R,7:30,17:00,7:30 AM,7.5,2,Cloudy and foggy,14.7,S,30.05,10.4,7.73,0.517,0.25,8.66,215.2,146,0.259,270,0.05,1,14,0.7,170,19,95,0.05,86.4,N/A
J_38_8_28_2023,8/28/2023,2023,August,8,Monsoon,Joymoni,22.353167,89.627667,Neap,R,7:30,17:00,9:00 AM,9,2,Cloudy,20,W,30.08,10.9,7.84,0.609,0.29,8.7,196,194,0.304,331,0.08,2.2,17,0.8,20,13,65,0.07,172.3,High wind speed
J_39_8_28_2023,8/28/2023,2023,August,8,Monsoon,Joymoni,22.353167,89.627667,Neap,F,7:30,17:00,11:00 AM,11,2,Sunny,3.9,N,29.29,10.3,7.82,0.602,0.29,8.55,219.3,116,0.301,229,0.04,1.2,17,0.7,30,15,75,0.06,166.5,Rain from 9am to 10am
J_40_8_28_2023,8/28/2023,2023,August,8,Monsoon,Joymoni,22.353167,89.627667,Neap,F,7:30,17:00,1:00 PM,1,2,Sunny ,2.1,SE,30.06,8.7,7.83,0.586,0.28,8.93,176.5,87.3,0.293,178,0.04,1.9,16,0.6,110,14,70,0.07,229.7,N/A
J_41_8_28_2023,8/28/2023,2023,August,8,Monsoon,Joymoni,22.353167,89.627667,Neap,F,7:30,17:00,3:00 PM,3,2,Sunny,1.8,S,30.16,6.9,7.81,0.504,0.24,8.78,170.2,200,0.252,452,0.11,2.7,13,0.7,20,14,70,0.09,144.4,"Ship passed, speed boat passed"
J_42_8_28_2023,8/28/2023,2023,August,8,Monsoon,Joymoni,22.353167,89.627667,Neap,R,7:30,17:00,5:00 PM,5,2,Sunny,2.5,S,30.14,7.5,7.84,0.639,0.3,8.41,168.9,255,0.31,380,0.1,2.4,17,0.7,60,17,85,0.08,140.7,N/A
J_43_9_24_2023,9/24/2023,2023,September,9,Monsoon,Joymoni,22.353167,89.627667,Neap,R,7:30,17:00,7:30 AM,7.5,2,Sunny,10.4,S,29.93,10.6,7.8,0.599,0.29,6.79,203.2,113,0.3,178,0.02,0.1,15,1,150,10,50,0.08,202.7,N/A
J_44_9_24_2023,9/24/2023,2023,September,9,Monsoon,Joymoni,22.353167,89.627667,Neap,F,7:30,17:00,9:00 AM,9,2,Sunny,13.6,S,30.04,9.9,7.88,0.593,0.28,6.33,188.4,115,0.297,175,0.04,2.6,23,1.2,90,6,30,0.07,248.4,N/A
J_45_9_24_2023,9/24/2023,2023,September,9,Monsoon,Joymoni,22.353167,89.627667,Neap,F,7:30,17:00,11:00 AM,11,2,Sunny,19,S,30.1,8,7.92,0.523,0.25,6.5,203.2,183,0.262,262,0.01,3.2,14,1.2,110,7,35,0.07,261.2,High wave
J_46_9_24_2023,9/24/2023,2023,September,9,Monsoon,Joymoni,22.353167,89.627667,Neap,F,7:30,17:00,1:00 PM,1,2,Cloudy,10.4,S,30.01,7.3,7.94,0.47,0.22,6.54,204.5,154,0.235,235,0.09,3.2,11,1.1,120,6,30,0.06,311.2,High wave
J_47_9_24_2023,9/24/2023,2023,September,9,Monsoon,Joymoni,22.353167,89.627667,Neap,R,7:30,17:00,3:00 PM,3,2,Rainy,12.9,S,30.01,8.8,7.95,0.544,0.26,6.51,204,140,0.272,200,0.25,3.6,14,1,100,11,55,0.06,231.3,Heavy rain from 1:30pm to 2:10pm
J_48_9_24_2023,9/24/2023,2023,September,9,Monsoon,Joymoni,22.353167,89.627667,Neap,R,7:30,17:00,5:00 PM,5,2,Cloudy,7.9,S,29.94,9.1,7.93,0.511,0.24,6.52,185,112,0.256,186,0.3,5.3,14,1,70,10,50,0.1,232,N/A
J_49_9_30_2023,9/30/2023,2023,Octobor,10,Post Monsoon,Joymoni,22.353167,89.627667,Spring,F,7:00,17:00,7:00 AM,7,2,Cloudy,11.5,E,28.89,6,7.17,0.428,0.2,5.81,97.9,452,0.215,784,0.09,0.5,21,0.9,100,11,55,0.08,205.7,High wave (light rain from 6am to 7am)
J_50_9_30_2023,9/30/2023,2023,Octobor,10,Post Monsoon,Joymoni,22.353167,89.627667,Spring,R,7:00,17:00,9:00 AM,9,2,Sunny,20.8,E,29.91,9.2,7.78,0.492,0.24,5.28,106.2,411,0.244,591,0.16,1.5,18,0.8,120,21,105,0.06,188.2,N/A
J_51_9_30_2023,9/30/2023,2023,Octobor,10,Post Monsoon,Joymoni,22.353167,89.627667,Spring,R,7:00,17:00,11:00 AM,11,2,Sunny,21.9,E,29.93,11.5,7.73,0.83,0.4,5.27,119.6,526,0.417,720,0.03,1.8,16,1.1,70,35,175,0.07,197.8,Rain for 10 minutes)
J_52_9_30_2023,9/30/2023,2023,Octobor,10,Post Monsoon,Joymoni,22.353167,89.627667,Spring,R,7:00,17:00,1:00 PM,1,2,Sunny,24.1,E,30.06,11,7.81,0.905,0.44,5.08,104.5,396,0.453,654,0.07,2.1,17,1.5,60,19,95,0.08,213.2,N/A
J_53_9_30_2023,9/30/2023,2023,Octobor,10,Post Monsoon,Joymoni,22.353167,89.627667,Spring,F,7:00,17:00,3:00 PM,3,2,Sunny,19,E,30.04,10.4,7.77,0.911,0.44,5.22,111.6,349,0.456,456,0.12,2,15,1.3,110,22,110,0.09,228.1,"Ship passed, heavy rain from 1:50pm to 2:30pm"
J_54_9_30_2023,9/30/2023,2023,Octobor,10,Post Monsoon,Joymoni,22.353167,89.627667,Spring,F,7:00,17:00,5:00 PM,5,2,Sunny,25.2,E,29.94,10.1,7.81,0.786,0.38,5.36,104.3,297,0.393,437,0.09,1.9,16,1.2,80,18,90,0.06,235.3,N/A
J_55_10_21_2023,10/21/2023,2023,Octobor,10,Post Monsoon,Joymoni,22.353167,89.627667,Neap,R,7:30,17:00,7:30 AM,7.5,2,Sunny,12.6,N ,29.81,9.4,7.73,0.422,0.2,5.69,98,337,0.211,482,0.09,0.1,9,1.2,100,10,50,0,310.2,N/A
J_56_10_21_2023,10/21/2023,2023,Octobor,10,Post Monsoon,Joymoni,22.353167,89.627667,Neap,F,7:30,17:00,9:00 AM,9,2,Sunny,13.3,N,29.94,8.1,7.72,0.377,0.18,5.78,114.3,428,0.189,543,0.61,0.5,8,1.3,50,13,65,0,314.5,N/A
J_57_10_21_2023,10/21/2023,2023,Octobor,10,Post Monsoon,Joymoni,22.353167,89.627667,Neap,F,7:30,17:00,11:00 AM,11,2,Sunny,9,N,30.12,7,7.8,0.365,0.17,5.78,167.3,254,0.183,332,0.22,2.3,7,1.1,100,13,65,0,295.1,N/A
J_58_10_21_2023,10/21/2023,2023,Octobor,10,Post Monsoon,Joymoni,22.353167,89.627667,Neap,R,7:30,17:00,1:00 PM,1,2,Sunny,7.9,N,30.23,9.3,7.79,0.35,0.16,5.79,174.4,200,0.175,282,0.38,1.4,7,1.5,50,12,60,0,338.7,N/A
J_59_10_21_2023,10/21/2023,2023,Octobor,10,Post Monsoon,Joymoni,22.353167,89.627667,Neap,R,7:30,17:00,3:00 PM,3,2,Sunny,10.8,N,30.24,9.8,7.74,0.386,0.18,5.86,170.1,208,0.193,294,0.32,1.5,9,1.2,100,13,65,0,301.5,Cargo ship passed 
J_60_10_21_2023,10/21/2023,2023,Octobor,10,Post Monsoon,Joymoni,22.353167,89.627667,Neap,R,7:30,17:00,5:00 PM,5,2,Sunny,5.4,NW,30.17,10.5,7.78,0.395,0.19,5.71,163.7,200,0.197,301,0.82,0.5,8,1.4,60,15,75,0,271.3,N/A
J_61_10_30_2023,10/30/2023,2023,Octobor,10,Post Monsoon,Joymoni,22.353167,89.627667,Spring,F,7:30,17:00,7:30 AM,7.5,2,Sunny and foggy,8.6,N,28.88,5.8,7.51,0.447,0.21,5.77,177.5,473,0.223,737,0.06,3.2,9,2.1,80,21,105,0,310.3,N/A
J_62_10_30_2023,10/30/2023,2023,Octobor,10,Post Monsoon,Joymoni,22.353167,89.627667,Spring,R,7:30,17:00,9:00 AM,9,2,Sunny,7.8,NE,28.8,7.3,7.65,0.554,0.27,5.56,193.5,263,0.277,365,0.04,3,10,2.4,110,19,95,0,298.6,N/A
J_63_10_30_2023,10/30/2023,2023,Octobor,10,Post Monsoon,Joymoni,22.353167,89.627667,Spring,R,7:30,17:00,11:00 AM,11,2,Sunny,7.6,NE,28.91,9.3,7.69,0.612,0.29,5.55,203.2,406,0.305,626,0.04,1.8,15,3.2,100,27,135,0,251.5,LP ship passed at 11:13 am
J_64_10_30_2023,10/30/2023,2023,Octobor,10,Post Monsoon,Joymoni,22.353167,89.627667,Spring,R,7:30,17:00,1:00 PM,1,2,Sunny,7.3,N,29.08,11.7,7.74,0.802,0.39,5.51,116.7,363,0.4,504,0.03,2.9,19,1.8,70,18,90,0,201.7,N/A
J_65_10_30_2023,10/30/2023,2023,Octobor,10,Post Monsoon,Joymoni,22.353167,89.627667,Spring,F,7:30,17:00,3:00 PM,3,2,Suny,4.5,N,29.25,9.9,7.72,0.814,0.39,5.49,121.8,172,0.407,297,0.14,2.4,18,2.5,90,22,110,0,261.2,Ship passed
J_66_10_30_2023,10/30/2023,2023,Octobor,10,Post Monsoon,Joymoni,22.353167,89.627667,Spring,F,7:30,17:00,5:00 PM,5,2,Sunny,1,S,29.92,8.1,7.76,0.681,0.33,5.47,107.5,365,0.337,584,0.12,1.8,16,1.8,100,16,80,0,239.1,N/A
J_67_11_20_2023,11/20/2023,2023,November,11,Post Monsoon,Joymoni,22.353167,89.627667,Neap,F,7:30,17:00,7:30 AM,7.5,2,Foggy,8.1,N,26.28,9.7,7.83,1.123,0.56,6.92,67.7,148,0.563,246,0.02,0.5,30,0.9,30,3,15,0.08,105.9,Ship anchored at sampling location
J_68_11_20_2023,11/20/2023,2023,November,11,Post Monsoon,Joymoni,22.353167,89.627667,Neap,F,7:30,17:00,9:00 AM,9,2,Sunny,9.6,N,26.26,8.7,7.86,1.032,0.51,6.58,79.1,280,0.517,411,0.01,1.7,28,0.9,220,22,110,0.05,88.9,Ship anchored at sampling location
J_69_11_20_2023,11/20/2023,2023,November,11,Post Monsoon,Joymoni,22.353167,89.627667,Neap,F,7:30,17:00,11:00 AM,11,2,Sunny,6.1,N,26.44,7.6,7.93,0.818,0.4,6.52,93.1,319,0.408,346,0.04,0.6,21,0.8,140,14,70,0.06,65.7,Ship anchored at sampling location
J_70_11_20_2023,11/20/2023,2023,November,11,Post Monsoon,Joymoni,22.353167,89.627667,Neap,R,7:30,17:00,1:00 PM,1,2,Sunny,3.5,N,26.71,8.3,7.96,0.847,0.41,6.46,91.9,149,0.423,213,0.12,1.1,22,0.7,80,8,40,0.08,102.4,"Ship passed, Ship anchored at sampling location"
J_71_11_20_2023,11/20/2023,2023,November,11,Post Monsoon,Joymoni,22.353167,89.627667,Neap,R,7:30,17:00,3:00 PM,3,2,Sunny,2.7,N,26.39,8.7,7.91,1.02,0.5,6.49,82.7,148,0.51,186,0.02,1.5,27,0.9,50,5,25,0.08,48.1,"LPG ship passed, huge ship movement"
J_72_11_20_2023,11/20/2023,2023,November,11,Post Monsoon,Joymoni,22.353167,89.627667,Neap,R,7:30,17:00,5:00 PM,5,2,Sunny,2,N,26.54,10,7.91,1.068,0.53,6.62,76,116,0.534,194,0.01,1,28,0.8,30,3,15,0.09,52.2, Cargoship passed 
J_73_11_27_2023,11/27/2023,2023,November,11,Post Monsoon,Joymoni,22.353167,89.627667,Spring,F,7:30,17:00,7:30 AM,7.5,2,Sunny,0.5,N,25.72,7.2,7.82,1.09,0.54,6.59,110,208,0.544,273,0.05,3.9,25,0.6,100,20,100,0.01,83.4,"Ship passed, Coal ship anchored at sampling location"
J_74_11_27_2023,11/27/2023,2023,November,11,Post Monsoon,Joymoni,22.353167,89.627667,Spring,R,7:30,17:00,9:00 AM,9,2,Sunny,0.5,N,25.73,9.2,7.81,1.089,0.54,6.41,101.5,316,0.548,202,0.01,3.7,28,0.8,80,21,105,0.04,85.2,Coal ship anchored at sampling location
J_75_11_27_2023,11/27/2023,2023,November,11,Post Monsoon,Joymoni,22.353167,89.627667,Spring,R,7:30,17:00,11:00 AM,11,2,Sunny,0.5,N,26.01,10.6,7.8,1.67,0.84,6.51,99.7,207,0.834,303,0.09,3.6,52,1.1,80,23,115,0.01,98.4,Coal ship anchored at sampling location
J_76_11_27_2023,11/27/2023,2023,November,11,Post Monsoon,Joymoni,22.353167,89.627667,Spring,R,7:30,17:00,1:00 PM,1,2,Sunny,4.3,N,26.56,10.4,7.83,1.979,1.01,6.53,100.5,94,0.998,174,0.07,3.3,57,0.7,90,25,125,0.03,73.8," LPG ship passed, Ship anchored at sampling location"
J_77_11_27_2023,11/27/2023,2023,November,11,Post Monsoon,Joymoni,22.353167,89.627667,Spring,F,7:30,17:00,3:00 PM,3,2,Sunny,2.2,N,26.41,9.3,7.81,1.489,0.74,6.58,98.5,80.7,0.742,148,0.06,4.4,46,0.6,110,18,90,0.07,56.5,"Ship passed, Ship anchored at sampling location"
J_78_11_27_2023,11/27/2023,2023,November,11,Post Monsoon,Joymoni,22.353167,89.627667,Spring,F,7:30,17:00,5:00 PM,5,2,Sunset,1,N,25.98,6.9,7.81,1.077,0.53,6.43,95.4,245,0.535,302,0.1,3.7,33,0.5,80,20,100,0.02,40.7,N/A
J_79_12_5_2023,12/5/2023,2023,December,12,Dry,Joymoni,22.353167,89.627667,Neap,F,7:30,17:00,7:30 AM,7.5,2,Cloudy and Foggy,6.7,NE,25.33,9.7,7.73,1.539,0.77,6.9,179.5,133,0.767,196,0.01,3.2,46,1,90,23,115,0.05,74.8,N/A
J_80_12_5_2023,12/5/2023,2023,December,12,Dry,Joymoni,22.353167,89.627667,Neap,F,7:30,17:00,9:00 AM,9,2,Cloudy and Foggy,10.6,N,25.31,8.3,7.85,1.405,0.7,6.81,164.6,169,0.702,265,0.03,5.8,40,1.2,90,21,105,0.04,59.9,N/A
J_81_12_5_2023,12/5/2023,2023,December,12,Dry,Joymoni,22.353167,89.627667,Neap,F,7:30,17:00,11:00 AM,11,2,Cloudy and Foggy,17.3,NE,25.37,7.7,7.89,1.142,0.56,7.1,155.9,165,0.571,216,0.03,3.2,30,1,70,23,115,0.07,68.3,N/A
J_82_12_5_2023,12/5/2023,2023,December,12,Dry,Joymoni,22.353167,89.627667,Neap,R,7:30,17:00,1:00 PM,1,2,Cloudy and Foggy,21.4,NE,25.41,8.5,7.89,1.003,0.49,6.87,176.2,137,0.501,192,0.06,2.9,26,1.1,80,25,125,0.04,90.5,"Logistics ship passed, high wind"
J_83_12_5_2023,12/5/2023,2023,December,12,Dry,Joymoni,22.353167,89.627667,Neap,R,7:30,17:00,3:00 PM,3,2,Cloudy,5.8,NE,25.32,9.7,7.94,1.215,0.61,6.91,154.5,94.4,0.61,144,0.02,2.9,32,0.9,60,18,90,0.05,76.6,N/A
J_84_12_5_2023,12/5/2023,2023,December,12,Dry,Joymoni,22.353167,89.627667,Neap,R,7:30,17:00,5:00 PM,5,2,Cloudy,3.7,NE,25.31,9.5,7.93,1.379,0.7,6.94,147,116,0.694,185,0.01,4.7,40,0.9,100,20,100,0.06,63.9,N/A
J_85_12_13_2023,12/13/2023,2023,December,12,Dry,Joymoni,22.353167,89.627667,Spring,F,7:00,17:00,7:00 AM,7,2,Foggy,9.6,N,23.69,5.9,7.63,0.918,0.45,7.34,102.5,206,0.459,286,0.07,2.2,25,0.6,80,18,90,0.02,90.8,"Ship anchored, huge cold"
J_86_12_13_2023,12/13/2023,2023,December,12,Dry,Joymoni,22.353167,89.627667,Spring,R,7:00,17:00,9:00 AM,9,2,Sunny,7.1,N,23.67,7.7,7.3,0.974,0.48,7.09,110.2,423,0.487,251,0.08,2.4,35,0.6,90,20,100,0.04,57,Ship anchored
J_87_12_13_2023,12/13/2023,2023,December,12,Dry,Joymoni,22.353167,89.627667,Spring,R,7:00,17:00,11:00 AM,11,2,Sunny,3.5,N,24.08,9.3,7.42,1.978,1.01,7.22,110.3,317,0.987,408,0.13,1.2,59,0.6,90,25,125,0.01,71.2,Ship anchored
J_88_12_13_2023,12/13/2023,2023,December,12,Dry,Joymoni,22.353167,89.627667,Spring,R,7:00,17:00,1:00 PM,1,2,Sunny,2.4,N,24.31,9,7.63,2.639,1.34,7.28,112.1,104,1.296,158,0.17,2.9,74,0.4,100,29,145,0.03,86.9,Ship anchored
J_89_12_13_2023,12/13/2023,2023,December,12,Dry,Joymoni,22.353167,89.627667,Spring,F,7:00,17:00,3:00 PM,3,2,Sunny,1.5,N,24.22,8.4,7.96,2.393,1.23,7.16,112.5,61.4,1.192,132,0.03,2.5,69,0.5,100,23,115,0.04,94.1,"Ship passed, Ship anchored"
J_90_12_13_2023,12/13/2023,2023,December,12,Dry,Joymoni,22.353167,89.627667,Spring,F,7:00,17:00,5:00 PM,5,2,Sunset and cloudy,1.2,N,23.88,7,7.98,1.418,0.72,7.16,107.1,281,0.716,360,0.09,1.4,43,0.7,90,21,105,0.03,63.5,N/A
J_91_1_20_2024,1/20/2024,2024,January,1,Dry,Joymoni,22.353167,89.627667,Neap,R,7:00,17:00,7:00 AM,7,2,Huge Foggy,4.3,N,20.22,8.5,7.82,7.96,4.43,7.81,70.8,140,3.978,113,0.32,3.1,106,0.3,100,48,240,0.04,110,N/A
J_92_1_20_2024,1/20/2024,2024,January,1,Dry,Joymoni,22.353167,89.627667,Neap,R,7:00,17:00,9:00 AM,9,2,Huge foggy,5.3,N,20.23,8.2,7.84,7.949,4.42,7.82,70.6,48.3,3.976,89,0.36,3.7,106,0.3,120,45,225,0.03,112,Ship passed
J_93_1_20_2024,1/20/2024,2024,January,1,Dry,Joymoni,22.353167,89.627667,Neap,F,7:00,17:00,11:00 AM,11,2,Foggy,5,N,20.29,7.1,7.91,7.515,4.17,7.76,68.8,233,3.76,398,0.23,3.3,105,0.5,130,39,195,0.03,98.7,Ship anchored
J_94_1_20_2024,1/20/2024,2024,January,1,Dry,Joymoni,22.353167,89.627667,Neap,F,7:00,17:00,1:00 PM,1,2,Foggy,12.7,N,20.29,6.2,7.95,7.252,4.01,7.93,60.3,31,3.627,289,0.226,3.1,104,0.5,110,47,235,0.02,89.2,"Ship passed, ship anchored"
J_95_1_20_2024,1/20/2024,2024,January,1,Dry,Joymoni,22.353167,89.627667,Neap,F,7:00,17:00,3:00 PM,3,2,Sunny,12.7,N,20.29,6.6,7.98,7.03,3.98,7.93,62.7,97.7,3.601,149,0.33,4.2,104,0.4,120,43,215,0.03,112.2,N/A
J_96_1_20_2024,1/20/2024,2024,January,1,Dry,Joymoni,22.353167,89.627667,Neap,R,7:00,17:00,5:00 PM,5,2,Sunny and less fogg,5.5,N,20.22,7.9,7.82,7.954,4.42,7.85,69.8,153,3.977,207,0.32,3,105,0.4,140,41,205,0.02,111.1,N/A
J_97_1_28_2024,1/28/2024,2024,January,1,Dry,Joymoni,22.353167,89.627667,Spring,F,7:00,17:00,7:00 AM,7,2,Less Foggy,10.6,N,19.76,6.8,7.89,8.497,4.75,8.07,63.3,328,4.25,405,0.47,3.1,96,1.3,140,35,175,0.04,51.2,Huge cold
J_98_1_28_2024,1/28/2024,2024,January,1,Dry,Joymoni,22.353167,89.627667,Spring,F,7:00,17:00,9:00 AM,9,2,Sunny,6.8,NE,19.76,6.2,7.97,8.342,4.65,8.19,61.9,268,4.168,308,0.39,2.7,97,1.2,140,40,200,0.03,57,N/A
J_99_1_28_2024,1/28/2024,2024,January,1,Dry,Joymoni,22.353167,89.627667,Spring,R,7:00,17:00,11:00 AM,11,2,Sunny,5.3,N,20.19,7.8,7.99,8.504,4.75,8.12,62.9,61.5,4.249,140,0.6,1.9,96,0.9,200,41,205,0.02,71.2,N/A
J_100_1_28_2024,1/28/2024,2024,January,1,Dry,Joymoni,22.353167,89.627667,Spring,R,7:00,17:00,1:00 PM,1,2,Sunny,5.3,N,20.13,8.9,7.95,10.31,5.87,7.97,63.4,246,5.167,375,0.63,0.9,85,1.3,160,38,190,0.04,86.9,Ship passed
J_101_1_28_2024,1/28/2024,2024,January,1,Dry,Joymoni,22.353167,89.627667,Spring,R,7:00,17:00,3:00 PM,3,2,Sunny,12.7,N,20.38,9.1,7.97,11.16,6.38,8.04,62.8,128,5.595,173,0.64,1.9,87,0.8,180,32,160,0.04,94.1,N/A
J_102_1_28_2024,1/28/2024,2024,February,2,Dry,Joymoni,22.353167,89.627667,Spring,F,7:00,17:00,5:00 PM,5,2,Sunset and sunny,9.4,N,20.11,8.4,7.99,10.36,5.88,8.16,62.5,70,5.184,103,0.46,2.6,91,1.1,150,32,160,0.03,63.5,N/A
J_103_2_18_2024,2/18/2024,2024,February,2,Dry,Joymoni,22.353167,89.627667,Neap,F,7:30,17:00,7:30 AM,7.5,2,Huge foggy,0.2,S,22.35,8.2,7.66,15.33,8.95,7.52,33.7,28.1,7.669,36,0.95,4.9,115,0.5,100,221,1105,0.17,21,N/A
J_104_2_18_2024,2/18/2024,2024,February,2,Dry,Joymoni,22.353167,89.627667,Neap,F,7:30,17:00,9:00 AM,9,2,Sunny,0.3,S,22.56,7.4,7.73,15.09,8.8,6.86,32,52.3,7.546,66,0.9,5.1,118,0.3,100,201,1005,0.13,47.3,N/A
J_105_2_18_2024,2/18/2024,2024,February,2,Dry,Joymoni,22.353167,89.627667,Neap,F,7:30,17:00,11:00 AM,11,2,Sunny,0.3,SW,22.65,6.7,7.75,14.92,8.7,6.77,34,148,7.465,306,0.91,6.9,118,1.5,90,197,985,0.14,40.2,N/A
J_106_2_18_2024,2/18/2024,2024,February,2,Dry,Joymoni,22.353167,89.627667,Neap,R,7:30,17:00,1:00 PM,1,2,Sunny,0.1,SW,22.79,6.5,7.77,14.71,8.56,6.71,32.8,58.4,7.356,64,0.93,4.7,116,0.7,90,188,940,0.18,48.6,N/A
J_107_2_18_2024,2/18/2024,2024,February,2,Dry,Joymoni,22.353167,89.627667,Neap,R,7:30,17:00,3:00 PM,3,2,Sunny,0.1,SW,22.84,7.5,7.79,14.77,8.6,6.86,33.3,23.3,7.39,30,0.96,4,118,0.4,100,189,945,0.12,43.2,Ship passed
J_108_2_18_2024,2/18/2024,2024,February,2,Dry,Joymoni,22.353167,89.627667,Neap,R,7:30,17:00,5:00 PM,5,2,Sunny,3,SW,22.85,8.2,7.78,15.11,8.8,6.69,31.8,66.6,7.556,113,0.73,4.9,118,1.2,90,196,980,0.15,44.2,Ship passed
J_109_2_27_2024,2/27/2024,2024,February,2,Dry,Joymoni,22.353167,89.627667,Spring,F,7:30,17:00,7:30 AM,7.5,2,Sunny,8.6,N,23.57,5.4,7.67,15.93,9.32,7.44,62.9,240,7.967,479,1.01,5.7,118,0.4,100,193,965,0.08,54,N/A
J_110_2_27_2024,2/27/2024,2024,February,2,Dry,Joymoni,22.353167,89.627667,Spring,R,7:30,17:00,9:00 AM,9,2,Sunny,11.1,N,23.59,5.7,7.79,16.01,9.37,7.37,57.7,228,8.009,320,1.09,4.8,117,0.4,90,203,1015,0.08,44.6,N/A
J_111_2_27_2024,2/27/2024,2024,February,2,Dry,Joymoni,22.353167,89.627667,Spring,R,7:30,17:00,11:00 AM,11,2,Sunny,3,N,23.82,7.9,7.86,16.19,9.47,7.54,57.6,87,8.069,131,1.08,4.6,118,0.3,90,208,1040,0.07,85.3,N/A
J_112_2_27_2024,2/27/2024,2024,February,2,Dry,Joymoni,22.353167,89.627667,Spring,R,7:30,17:00,1:00 PM,1,2,Sunny,10.6,N,23.85,9,7.86,17.97,10.58,7.4,60.6,247,8.94,358,1.09,5.2,117,0.4,100,216,1080,0.12,53.3,N/A
J_113_2_27_2024,2/27/2024,2024,February,2,Dry,Joymoni,22.353167,89.627667,Spring,F,7:30,17:00,3:00 PM,3,2,Sunny,8.6,N,23.7,9.2,7.9,18.66,11.06,7.43,58.5,121,9.326,126,1.04,5.5,118,0.3,100,220,1100,0.13,60.6,N/A
J_114_2_27_2024,2/27/2024,2024,February,2,Dry,Joymoni,22.353167,89.627667,Spring,F,7:30,17:00,5:00 PM,5,2,Sunny,7.3,N,23.84,8.3,7.88,17.82,10.51,7.41,60.3,65.1,8.885,109,0.89,4.2,117,0.4,90,208,1040,0.13,62.6,N/A
J_115_3_5_2024,3/5/2024,2024,March,3,Pre Monsoon,Joymoni,22.353167,89.627667,Neap,R,7:30,17:00,7:30 AM,7.5,2,Foggy,9.2,N,24.83,8.1,7.73,17.75,10.48,7.46,63.1,18.2,8.878,31,1.33,5,760,0.3,90,271,1355,0.12,37.9,N/A
J_116_3_5_2024,3/5/2024,2024,March,3,Pre Monsoon,Joymoni,22.353167,89.627667,Neap,F,7:30,17:00,9:00 AM,9,2,Sunny,8.8,N,24.84,7.4,7.8,18.22,10.77,7.19,60.9,67.6,9.111,98,1.29,4.4,720,0.3,70,280,1400,0.14,48.4,N/A
J_117_3_5_2024,3/5/2024,2024,March,3,Pre Monsoon,Joymoni,22.353167,89.627667,Neap,F,7:30,17:00,11:00 AM,11,2,Sunny,17.2,N,25.03,6.5,7.86,17.78,10.49,7.11,62.3,148,8.892,210,1.02,4.6,750,0.3,80,263,1315,0.1,33,N/A
J_118_3_5_2024,3/5/2024,2024,March,3,Pre Monsoon,Joymoni,22.353167,89.627667,Neap,F,7:30,17:00,1:00 PM,1,2,Sunny,9.4,N,25.22,6.3,7.89,17.53,10.33,7.29,63.3,95,8.774,137,1.51,5.9,670,0.4,80,264,1320,0.11,22.1,N/A
J_119_3_5_2024,3/5/2024,2024,March,3,Pre Monsoon,Joymoni,22.353167,89.627667,Neap,R,7:30,17:00,3:00 PM,3,2,Sunny,10.1,N,25.7,7,7.9,17.55,10.34,7.33,63.1,35.3,8.778,33,1.12,5.5,580,0.3,100,260,1300,0.05,49.3,N/A
J_120_3_5_2024,3/5/2024,2024,March,3,Pre Monsoon,Joymoni,22.353167,89.627667,Neap,R,7:30,17:00,5:00 PM,5,2,Sunny,2.2,N,25.11,7.9,7.86,17.87,10.54,7.18,61.1,58.8,8.939,57,1.25,4.6,660,0.2,90,266,1330,0.05,59.5,N/A
J_121_3_24_2024,3/24/2024,2024,March,3,Pre Monsoon,Joymoni,22.353167,89.627667,Spring,R,7:30,17:00,7:30 AM,7.5,2,Sunny,12.4,S,26.71,6.2,7.64,22.36,13.45,7.03,67.2,135,11.2,213,1.93,5,800,0.1,110,258,1290,0.09,78.4,"High wave, ship passed"
J_122_3_24_2024,3/24/2024,2024,March,3,Pre Monsoon,Joymoni,22.353167,89.627667,Spring,R,7:30,17:00,9:00 AM,9,2,Sunny,28.9,S,26.85,7.7,7.77,22.53,13.57,6.89,66.1,84.6,11.28,127,1.9,4.5,813,0.1,90,266,1330,0.24,65.6,High current
J_123_3_24_2024,3/24/2024,2024,March,3,Pre Monsoon,Joymoni,22.353167,89.627667,Spring,R,7:30,17:00,11:00 AM,11,2,Sunny,20.8,S,26.89,9.1,7.76,24.35,14.75,6.76,65.5,270,12.19,390,2.04,4,907,0.2,100,281,1405,0.09,65.3,N/A
J_124_3_24_2024,3/24/2024,2024,March,3,Pre Monsoon,Joymoni,22.353167,89.627667,Spring,F,7:30,17:00,1:00 PM,1,2,Suuny,11.4,SW,27.28,9.2,7.81,23.57,14.24,6.7,63.9,137,11.8,140,2.54,4.1,907,0.1,100,279,1395,0.18,55.4,Fishing activity in upstream
J_125_3_24_2024,3/24/2024,2024,March,3,Pre Monsoon,Joymoni,22.353167,89.627667,Spring,F,7:30,17:00,3:00 PM,3,2,Sunny,11.6,W,27.27,7.9,7.83,23.55,14.22,6.73,63.6,79.5,11.75,114,2.6,3.9,880,0.1,90,263,1315,0.17,71.4,Dredging at bankside
J_126_3_24_2024,3/24/2024,2024,March,3,Pre Monsoon,Joymoni,22.353167,89.627667,Spring,F,7:30,17:00,5:00 PM,5,2,Sunny,28.9,S,26.96,6.5,7.8,23.6,14.24,6.74,64.8,385,11.8,546,2.05,2.2,880,0.1,80,265,1325,0.24,63.2,N/A
J_127_4_17_2024,4/17/2024,2024,April,4,Pre Monsoon,Joymoni,22.353167,89.627667,Neap,R,7:30,17:00,7:30 AM,7.5,2,Sunny,12.9,S,30.26,8.9,7.77,27.2,16.57,5.95,47.9,32,13.6,28,3.24,4.2,960,0.3,70,238,1190,0.05,107.7,N/A
J_128_4_17_2024,4/17/2024,2024,April,4,Pre Monsoon,Joymoni,22.353167,89.627667,Neap,F,7:30,17:00,9:00 AM,9,2,Sunny,13.4,S,30.31,8,7.72,27.19,16.56,5.78,50.2,30.1,13.6,21,3.57,4,980,0.2,90,250,1250,0.04,42.4,N/A
J_129_4_17_2024,4/17/2024,2024,April,4,Pre Monsoon,Joymoni,22.353167,89.627667,Neap,F,7:30,17:00,11:00 AM,11,2,Sunny,15.4,S,30.81,7.8,7.73,27.26,16.6,5.92,105.4,23,13.63,22,2.88,7.5,1040,0.1,80,290,1450,0.04,78.7,N/A
J_130_4_17_2024,4/17/2024,2024,April,4,Pre Monsoon,Joymoni,22.353167,89.627667,Neap,F,7:30,17:00,1:00 PM,1,2,Sunny,16.2,S,31.62,6.8,7.83,27.5,16.74,6.1,47.5,15.29,13.72,17,3.02,5.2,1020,0.1,110,315,1575,0.07,35.9,N/A
J_131_4_17_2024,4/17/2024,2024,April,4,Pre Monsoon,Joymoni,22.353167,89.627667,Neap,R,7:30,17:00,3:00 PM,3,2,Sunny,20.5,S,31.54,7.3,7.83,27.57,16.8,6.35,50.4,22.8,13.78,24,3.16,3.8,1040,0.3,100,285,1425,0.07,48.1,N/A
J_132_4_17_2024,4/17/2024,2024,April,4,Pre Monsoon,Joymoni,22.353167,89.627667,Neap,R,7:30,17:00,5:00 PM,5,2,Sunny,19,S,31.2,8.2,7.74,27.27,16.6,6.21,54.3,35.9,13.64,40,3.1,5.6,1000,0.3,90,355,1775,0.12,82.7,N/A
J_133_4_22_2024,4/22/2024,2024,April,4,Pre Monsoon,Joymoni,22.353167,89.627667,Spring,R,7:00,17:00,7:00 AM,7,2,Light cloudy,5.5,S,31.35,7,7.87,27.96,17.06,6.68,35,289,13.98,174,3.04,4.2,1020,0.3,110,350,1750,0.09,86.6,Fertilizer ship passed
J_134_4_22_2024,4/22/2024,2024,April,4,Pre Monsoon,Joymoni,22.353167,89.627667,Spring,R,7:00,17:00,9:00 AM,9,2,Sunny,9.1,S,31.37,7.9,7.79,27.79,16.94,6.71,40.6,223,13.9,279,2.88,5.7,1020,0.3,90,347,1735,0.17,66.1,N/A
J_135_4_22_2024,4/22/2024,2024,April,4,Pre Monsoon,Joymoni,22.353167,89.627667,Spring,R,7:00,17:00,11:00 AM,11,2,Sunny,1.1,S,31.24,9.5,7.78,28.21,17.23,6.68,41,52.2,14.11,81,2.92,4.7,1020,0.3,90,354,1770,0.05,47.2,Ship passed
J_136_4_22_2024,4/22/2024,2024,April,4,Pre Monsoon,Joymoni,22.353167,89.627667,Spring,F,7:00,17:00,1:00 PM,1,2,Sunny,0.7,S,31.6,9,7.81,25.07,15.19,6.75,37.2,48.9,12.54,46,2.11,5.1,840,0.3,80,351,1755,0.08,79.2,Ship passed
J_137_4_22_2024,4/22/2024,2024,April,4,Pre Monsoon,Joymoni,22.353167,89.627667,Spring,F,7:00,17:00,3:00 PM,3,2,Sunny,11.2,N,33.26,7.9,7.85,27.71,16.71,7.11,40.2,25.9,13.87,44,2.51,6.3,960,0.4,100,347,1735,0.06,33.8,N/A
J_138_4_22_2024,4/22/2024,2024,April,4,Pre Monsoon,Joymoni,22.353167,89.627667,Spring,F,7:00,17:00,5:00 PM,5,2,Sunny,2.5,N,31.71,6.8,7.78,27.87,17,6.68,40.7,351,13.94,581,2.6,4.6,1080,0.3,90,349,1745,0.13,17.8,N/A
J_139_5_7_2024,5/7/2024,2024,May,5,Pre Monsoon,Joymoni,22.353167,89.627667,Spring,R,7:30,17:00,7:30 AM,7.5,2,Sunny,19,SE,31.19,8.5,7.66,29.11,17.84,6.96,62.6,537,14.56,718,2.65,6.8,117,0.4,110,330,1650,0.02,86.1,High current
J_140_5_7_2024,5/7/2024,2024,May,5,Pre Monsoon,Joymoni,22.353167,89.627667,Spring,R,7:30,17:00,9:00 AM,9,2,Cloudy,28.5,VE,31.18,9.2,7.79,29,17.77,6.8,59.7,589,14.51,778,2.94,4.5,112,0.5,90,332,1660,0.05,49.5,N/A
J_141_5_7_2024,5/7/2024,2024,May,5,Pre Monsoon,Joymoni,22.353167,89.627667,Spring,R,7:30,17:00,11:00 AM,11,2,Sunny,14.6,NE,31.43,9.4,7.86,29.4,18.03,6.69,55.3,195,14.68,247,3.11,4.8,121,0.4,100,330,1650,0.02,50.8,"LPG, Cargo ship passed"
J_142_5_7_2024,5/7/2024,2024,May,5,Pre Monsoon,Joymoni,22.353167,89.627667,Spring,F,7:30,17:00,1:00 PM,1,2,Sunny,8.1,NE,31.53,8.9,7.83,29.17,17.86,6.6,57,54.2,14.58,85,1.46,5.3,117,0.3,80,244,1220,0.03,53.2,N/A
J_143_5_7_2024,5/7/2024,2024,May,5,Pre Monsoon,Joymoni,22.353167,89.627667,Spring,F,7:30,17:00,3:00 PM,3,2,Sunny,10.6,NE,32.17,7.7,7.93,27.34,16.61,7.04,48.3,34.2,13.66,51,2.78,5,116,0.3,90,302,1510,0.03,57.9,N/A
J_144_5_7_2024,5/7/2024,2024,May,5,Pre Monsoon,Joymoni,22.353167,89.627667,Spring,F,7:30,17:00,5:00 PM,5,2,Sunny,11.1,NE,31.27,6.3,7.86,29,17.76,6.56,53,430,14.5,506,3.11,5.5,120,0.4,100,328,1640,0.02,60.2,Boat passed
